Arrangement Type,Unit Price,Quantity,Total Price,Cost,Labor
Boutonniere,$10.00 ,1,$10.00 ,$2.50 ,$1.00 
Boutonniere,$10.00 ,1,$10.00 ,$2.50 ,$1.00 
Boutonniere,$10.00 ,1,$10.00 ,$2.50 ,$1.00 
Boutonniere,$10.00 ,1,$10.00 ,$2.50 ,$1.00 
Boutonniere,$10.00 ,1,$10.00 ,$2.50 ,$1.00 
Boutonniere,$10.00 ,1,$10.00 ,$2.50 ,$1.00 
Boutonniere,$10.00 ,1,$10.00 ,$2.50 ,$1.00 
Boutonniere,$10.00 ,1,$10.00 ,$2.50 ,$1.00 
Boutonniere,$10.00 ,1,$10.00 ,$2.50 ,$1.00 
Boutonniere,$10.00 ,1,$10.00 ,$2.50 ,$1.00 
Boutonniere,$10.00 ,1,$10.00 ,$2.50 ,$1.00 
Boutonniere,$10.00 ,1,$10.00 ,$2.50 ,$1.00 
Boutonniere,$10.00 ,1,$10.00 ,$2.50 ,$1.00 
Boutonniere,$10.00 ,1,$10.00 ,$2.50 ,$1.00 
Boutonniere,$10.00 ,2,$20.00 ,$5.00 ,$2.00 
Boutonniere,$10.00 ,2,$20.00 ,$5.00 ,$2.00 
Small Arrangement,$25.00 ,1,$25.00 ,$6.25 ,$2.50 
Small Arrangement,$25.00 ,1,$25.00 ,$6.25 ,$2.50 
Small Arrangement,$25.00 ,1,$25.00 ,$6.25 ,$2.50 
Small Arrangement,$25.00 ,1,$25.00 ,$6.25 ,$2.50 
Small Arrangement,$25.00 ,1,$25.00 ,$6.25 ,$2.50 
Small Arrangement,$25.00 ,1,$25.00 ,$6.25 ,$2.50 
Boutonniere,$15.00 ,2,$30.00 ,$7.50 ,$3.00 
Boutonniere,$15.00 ,2,$30.00 ,$7.50 ,$3.00 
Boutonniere,$15.00 ,2,$30.00 ,$7.50 ,$3.00 
Boutonniere,$15.00 ,2,$30.00 ,$7.50 ,$3.00 
Boutonniere,$15.00 ,2,$30.00 ,$7.50 ,$3.00 
Boutonniere,$15.00 ,2,$30.00 ,$7.50 ,$3.00 
Boutonniere,$15.00 ,2,$30.00 ,$7.50 ,$3.00 
Bridesmaid Hair Pins,$15.00 ,2,$30.00 ,$7.50 ,$3.00 
Bridesmaid Hair Pins,$15.00 ,2,$30.00 ,$7.50 ,$3.00 
Bridesmaid Hair Pins,$15.00 ,2,$30.00 ,$7.50 ,$3.00 
Bridesmaid Hair Pins,$15.00 ,2,$30.00 ,$7.50 ,$3.00 
Bridesmaid Hair Pins,$15.00 ,2,$30.00 ,$7.50 ,$3.00 
Bridesmaid Hair Pins,$15.00 ,2,$30.00 ,$7.50 ,$3.00 
Bridesmaid Hair Pins,$15.00 ,2,$30.00 ,$7.50 ,$3.00 
Bridesmaid Hair Pins,$15.00 ,2,$30.00 ,$7.50 ,$3.00 
Boutonniere,$15.00 ,2,$30.00 ,$7.50 ,$3.00 
Boutonniere,$15.00 ,2,$30.00 ,$7.50 ,$3.00 
Boutonniere,$15.00 ,2,$30.00 ,$7.50 ,$3.00 
Boutonniere,$15.00 ,2,$30.00 ,$7.50 ,$3.00 
Boutonniere,$15.00 ,2,$30.00 ,$7.50 ,$3.00 
Boutonniere,$15.00 ,2,$30.00 ,$7.50 ,$3.00 
Boutonniere,$15.00 ,2,$30.00 ,$7.50 ,$3.00 
Bridesmaid Hair Pins,$15.00 ,2,$30.00 ,$7.50 ,$3.00 
Bridesmaid Hair Pins,$15.00 ,2,$30.00 ,$7.50 ,$3.00 
Bridesmaid Hair Pins,$15.00 ,2,$30.00 ,$7.50 ,$3.00 
Bridesmaid Hair Pins,$15.00 ,2,$30.00 ,$7.50 ,$3.00 
Bridesmaid Hair Pins,$15.00 ,2,$30.00 ,$7.50 ,$3.00 
Bridesmaid Hair Pins,$15.00 ,2,$30.00 ,$7.50 ,$3.00 
Bridesmaid Hair Pins,$15.00 ,2,$30.00 ,$7.50 ,$3.00 
Bridesmaid Hair Pins,$15.00 ,2,$30.00 ,$7.50 ,$3.00 
Boutonniere,$30.00 ,1,$30.00 ,$7.50 ,$3.00 
Boutonniere,$30.00 ,1,$30.00 ,$7.50 ,$3.00 
Bud Vase,$20.00 ,2,$40.00 ,$10.00 ,$4.00 
Bud Vase,$20.00 ,2,$40.00 ,$10.00 ,$4.00 
Bud Vase,$20.00 ,2,$40.00 ,$10.00 ,$4.00 
Bud Vase,$20.00 ,2,$40.00 ,$10.00 ,$4.00 
Bud Vase,$20.00 ,2,$40.00 ,$10.00 ,$4.00 
Bud Vase,$20.00 ,2,$40.00 ,$10.00 ,$4.00 
Corsage,$40.00 ,1,$40.00 ,$10.00 ,$4.00 
Corsage,$40.00 ,1,$40.00 ,$10.00 ,$4.00 
Corsage,$40.00 ,1,$40.00 ,$10.00 ,$4.00 
Corsage,$40.00 ,1,$40.00 ,$10.00 ,$4.00 
Corsage,$40.00 ,1,$40.00 ,$10.00 ,$4.00 
Corsage,$40.00 ,1,$40.00 ,$10.00 ,$4.00 
Boutonniere,$15.00 ,3,$45.00 ,$11.25 ,$4.50 
Bridesmaid Hair Pins,$15.00 ,3,$45.00 ,$11.25 ,$4.50 
Bridesmaid Hair Pins,$15.00 ,3,$45.00 ,$11.25 ,$4.50 
Bridesmaid Hair Pins,$15.00 ,3,$45.00 ,$11.25 ,$4.50 
Bridesmaid Hair Pins,$15.00 ,3,$45.00 ,$11.25 ,$4.50 
Boutonniere,$15.00 ,3,$45.00 ,$11.25 ,$4.50 
Bridesmaid Hair Pins,$15.00 ,3,$45.00 ,$11.25 ,$4.50 
Bridesmaid Hair Pins,$15.00 ,3,$45.00 ,$11.25 ,$4.50 
Bridesmaid Hair Pins,$15.00 ,3,$45.00 ,$11.25 ,$4.50 
Bridesmaid Hair Pins,$15.00 ,3,$45.00 ,$11.25 ,$4.50 
Corsage,$25.00 ,2,$50.00 ,$12.50 ,$5.00 
Small Arrangement,$25.00 ,2,$50.00 ,$12.50 ,$5.00 
Small Arrangement,$25.00 ,2,$50.00 ,$12.50 ,$5.00 
Small Arrangement,$25.00 ,2,$50.00 ,$12.50 ,$5.00 
Small Arrangement,$25.00 ,2,$50.00 ,$12.50 ,$5.00 
Corsage,$25.00 ,2,$50.00 ,$12.50 ,$5.00 
Small Arrangement,$25.00 ,2,$50.00 ,$12.50 ,$5.00 
Small Arrangement,$25.00 ,2,$50.00 ,$12.50 ,$5.00 
Small Arrangement,$25.00 ,2,$50.00 ,$12.50 ,$5.00 
Small Arrangement,$25.00 ,2,$50.00 ,$12.50 ,$5.00 
Bridesmaid Bouquet,$50.00 ,1,$50.00 ,$12.50 ,$5.00 
Bridesmaid Bouquet,$50.00 ,1,$50.00 ,$12.50 ,$5.00 
Small Arrangement,$55.00 ,1,$55.00 ,$13.75 ,$5.50 
Small Arrangement,$55.00 ,1,$55.00 ,$13.75 ,$5.50 
Small Arrangement,$55.00 ,1,$55.00 ,$13.75 ,$5.50 
Small Arrangement,$55.00 ,1,$55.00 ,$13.75 ,$5.50 
Small Arrangement,$55.00 ,1,$55.00 ,$13.75 ,$5.50 
Small Arrangement,$55.00 ,1,$55.00 ,$13.75 ,$5.50 
Small Arrangement,$55.00 ,1,$55.00 ,$13.75 ,$5.50 
Small Arrangement,$55.00 ,1,$55.00 ,$13.75 ,$5.50 
Small Arrangement,$55.00 ,1,$55.00 ,$13.75 ,$5.50 
Small Arrangement,$55.00 ,1,$55.00 ,$13.75 ,$5.50 
Small Arrangement,$55.00 ,1,$55.00 ,$13.75 ,$5.50 
Small Arrangement,$55.00 ,1,$55.00 ,$13.75 ,$5.50 
Boutonniere,$10.00 ,6,$60.00 ,$15.00 ,$9.00 
Boutonniere,$10.00 ,6,$60.00 ,$15.00 ,$9.00 
Boutonniere,$10.00 ,6,$60.00 ,$15.00 ,$9.00 
Boutonniere,$10.00 ,6,$60.00 ,$15.00 ,$9.00 
Boutonniere,$10.00 ,6,$60.00 ,$15.00 ,$9.00 
Boutonniere,$10.00 ,6,$60.00 ,$15.00 ,$9.00 
Boutonniere,$10.00 ,6,$60.00 ,$15.00 ,$9.00 
Boutonniere,$10.00 ,6,$60.00 ,$15.00 ,$9.00 
Boutonniere,$10.00 ,6,$60.00 ,$15.00 ,$9.00 
Boutonniere,$10.00 ,6,$60.00 ,$15.00 ,$9.00 
Boutonniere,$10.00 ,6,$60.00 ,$15.00 ,$9.00 
Boutonniere,$10.00 ,6,$60.00 ,$15.00 ,$9.00 
Boutonniere,$20.00 ,3,$60.00 ,$15.00 ,$6.00 
Boutonniere,$20.00 ,3,$60.00 ,$15.00 ,$6.00 
Boutonniere,$20.00 ,3,$60.00 ,$15.00 ,$6.00 
Boutonniere,$20.00 ,3,$60.00 ,$15.00 ,$6.00 
Boutonniere,$20.00 ,3,$60.00 ,$15.00 ,$6.00 
Boutonniere,$20.00 ,3,$60.00 ,$15.00 ,$6.00 
Boutonniere,$20.00 ,3,$60.00 ,$15.00 ,$6.00 
Bud Vase,$20.00 ,3,$60.00 ,$15.00 ,$6.00 
Boutonniere,$20.00 ,3,$60.00 ,$15.00 ,$6.00 
Boutonniere,$20.00 ,3,$60.00 ,$15.00 ,$6.00 
Boutonniere,$20.00 ,3,$60.00 ,$15.00 ,$6.00 
Boutonniere,$20.00 ,3,$60.00 ,$15.00 ,$6.00 
Boutonniere,$20.00 ,3,$60.00 ,$15.00 ,$6.00 
Boutonniere,$20.00 ,3,$60.00 ,$15.00 ,$6.00 
Boutonniere,$20.00 ,3,$60.00 ,$15.00 ,$6.00 
Bud Vase,$20.00 ,3,$60.00 ,$15.00 ,$6.00 
Bridesmaid Bouquet,$60.00 ,1,$60.00 ,$15.00 ,$6.00 
Bridesmaid Bouquet,$60.00 ,1,$60.00 ,$15.00 ,$6.00 
Corsage,$35.00 ,2,$70.00 ,$17.50 ,$7.00 
Corsage,$35.00 ,2,$70.00 ,$17.50 ,$7.00 
Corsage,$35.00 ,2,$70.00 ,$17.50 ,$7.00 
Corsage,$35.00 ,2,$70.00 ,$17.50 ,$7.00 
Corsage,$35.00 ,2,$70.00 ,$17.50 ,$7.00 
Corsage,$35.00 ,2,$70.00 ,$17.50 ,$7.00 
Bridesmaid Bouquet,$70.00 ,1,$70.00 ,$17.50 ,$7.00 
Bridesmaid Bouquet,$70.00 ,1,$70.00 ,$17.50 ,$7.00 
Corsage,$25.00 ,3,$75.00 ,$18.75 ,$7.50 
Small Arrangement,$25.00 ,3,$75.00 ,$18.75 ,$7.50 
Corsage,$25.00 ,3,$75.00 ,$18.75 ,$7.50 
Small Arrangement,$25.00 ,3,$75.00 ,$18.75 ,$7.50 
Small Arrangement,$75.00 ,1,$75.00 ,$18.75 ,$7.50 
Small Arrangement,$75.00 ,1,$75.00 ,$18.75 ,$7.50 
Small Arrangement,$75.00 ,1,$75.00 ,$18.75 ,$7.50 
Small Arrangement,$75.00 ,1,$75.00 ,$18.75 ,$7.50 
Small Arrangement,$75.00 ,1,$75.00 ,$18.75 ,$7.50 
Small Arrangement,$75.00 ,1,$75.00 ,$18.75 ,$7.50 
Small Arrangement,$75.00 ,1,$75.00 ,$18.75 ,$7.50 
Small Arrangement,$75.00 ,1,$75.00 ,$18.75 ,$7.50 
Small Arrangement,$75.00 ,1,$75.00 ,$18.75 ,$7.50 
Small Arrangement,$75.00 ,1,$75.00 ,$18.75 ,$7.50 
Small Arrangement,$75.00 ,1,$75.00 ,$18.75 ,$7.50 
Small Arrangement,$75.00 ,1,$75.00 ,$18.75 ,$7.50 
Boutonniere,$20.00 ,4,$80.00 ,$20.00 ,$8.00 
Boutonniere,$20.00 ,4,$80.00 ,$20.00 ,$8.00 
Bridesmaid Bouquet,$80.00 ,1,$80.00 ,$20.00 ,$8.00 
Bridesmaid Bouquet,$80.00 ,1,$80.00 ,$20.00 ,$8.00 
Corsage,$30.00 ,3,$90.00 ,$22.50 ,$9.00 
Corsage,$30.00 ,3,$90.00 ,$22.50 ,$9.00 
Corsage,$30.00 ,3,$90.00 ,$22.50 ,$9.00 
Corsage,$30.00 ,3,$90.00 ,$22.50 ,$9.00 
Corsage,$30.00 ,3,$90.00 ,$22.50 ,$9.00 
Corsage,$30.00 ,3,$90.00 ,$22.50 ,$9.00 
Bridesmaid Bouquet,$90.00 ,1,$90.00 ,$22.50 ,$9.00 
Bridesmaid Bouquet,$90.00 ,1,$90.00 ,$22.50 ,$9.00 
Boutonniere,$10.00 ,10,$100.00 ,$25.00 ,$20.00 
Boutonniere,$10.00 ,10,$100.00 ,$25.00 ,$20.00 
Boutonniere,$10.00 ,10,$100.00 ,$25.00 ,$20.00 
Boutonniere,$10.00 ,10,$100.00 ,$25.00 ,$20.00 
Boutonniere,$10.00 ,10,$100.00 ,$25.00 ,$20.00 
Boutonniere,$10.00 ,10,$100.00 ,$25.00 ,$20.00 
Boutonniere,$10.00 ,10,$100.00 ,$25.00 ,$20.00 
Boutonniere,$10.00 ,10,$100.00 ,$25.00 ,$20.00 
Boutonniere,$10.00 ,10,$100.00 ,$25.00 ,$20.00 
Boutonniere,$10.00 ,10,$100.00 ,$25.00 ,$20.00 
Boutonniere,$10.00 ,10,$100.00 ,$25.00 ,$20.00 
Boutonniere,$10.00 ,10,$100.00 ,$25.00 ,$20.00 
Bud Vase,$20.00 ,5,$100.00 ,$25.00 ,$10.00 
Bud Vase,$20.00 ,5,$100.00 ,$25.00 ,$10.00 
Bud Vase,$20.00 ,5,$100.00 ,$25.00 ,$10.00 
Bud Vase,$20.00 ,5,$100.00 ,$25.00 ,$10.00 
Bud Vase,$20.00 ,5,$100.00 ,$25.00 ,$10.00 
Bud Vase,$20.00 ,5,$100.00 ,$25.00 ,$10.00 
Bud Vase,$20.00 ,5,$100.00 ,$25.00 ,$10.00 
Bud Vase,$20.00 ,5,$100.00 ,$25.00 ,$10.00 
Bud Vase,$20.00 ,5,$100.00 ,$25.00 ,$10.00 
Bud Vase,$20.00 ,5,$100.00 ,$25.00 ,$10.00 
Bud Vase,$20.00 ,5,$100.00 ,$25.00 ,$10.00 
Bud Vase,$20.00 ,5,$100.00 ,$25.00 ,$10.00 
Corsage,$20.00 ,5,$100.00 ,$25.00 ,$10.00 
Corsage,$20.00 ,5,$100.00 ,$25.00 ,$10.00 
Corsage,$20.00 ,5,$100.00 ,$25.00 ,$10.00 
Bud Vase,$20.00 ,5,$100.00 ,$25.00 ,$10.00 
Bud Vase,$20.00 ,5,$100.00 ,$25.00 ,$10.00 
Bud Vase,$20.00 ,5,$100.00 ,$25.00 ,$10.00 
Bud Vase,$20.00 ,5,$100.00 ,$25.00 ,$10.00 
Bud Vase,$20.00 ,5,$100.00 ,$25.00 ,$10.00 
Bud Vase,$20.00 ,5,$100.00 ,$25.00 ,$10.00 
Bud Vase,$20.00 ,5,$100.00 ,$25.00 ,$10.00 
Bud Vase,$20.00 ,5,$100.00 ,$25.00 ,$10.00 
Bud Vase,$20.00 ,5,$100.00 ,$25.00 ,$10.00 
Bud Vase,$20.00 ,5,$100.00 ,$25.00 ,$10.00 
Bud Vase,$20.00 ,5,$100.00 ,$25.00 ,$10.00 
Bud Vase,$20.00 ,5,$100.00 ,$25.00 ,$10.00 
Corsage,$20.00 ,5,$100.00 ,$25.00 ,$10.00 
Corsage,$20.00 ,5,$100.00 ,$25.00 ,$10.00 
Corsage,$20.00 ,5,$100.00 ,$25.00 ,$10.00 
Boutonniere,$25.00 ,4,$100.00 ,$25.00 ,$10.00 
Boutonniere,$25.00 ,4,$100.00 ,$25.00 ,$10.00 
Boutonniere,$25.00 ,4,$100.00 ,$25.00 ,$10.00 
Boutonniere,$25.00 ,4,$100.00 ,$25.00 ,$10.00 
Boutonniere,$25.00 ,4,$100.00 ,$25.00 ,$10.00 
Boutonniere,$25.00 ,4,$100.00 ,$25.00 ,$10.00 
Boutonniere,$25.00 ,4,$100.00 ,$25.00 ,$10.00 
Corsage,$25.00 ,4,$100.00 ,$25.00 ,$10.00 
Corsage,$25.00 ,4,$100.00 ,$25.00 ,$10.00 
Corsage,$25.00 ,4,$100.00 ,$25.00 ,$10.00 
Corsage,$25.00 ,4,$100.00 ,$25.00 ,$10.00 
Small Arrangement,$25.00 ,4,$100.00 ,$25.00 ,$10.00 
Boutonniere,$25.00 ,4,$100.00 ,$25.00 ,$10.00 
Boutonniere,$25.00 ,4,$100.00 ,$25.00 ,$10.00 
Boutonniere,$25.00 ,4,$100.00 ,$25.00 ,$10.00 
Boutonniere,$25.00 ,4,$100.00 ,$25.00 ,$10.00 
Boutonniere,$25.00 ,4,$100.00 ,$25.00 ,$10.00 
Boutonniere,$25.00 ,4,$100.00 ,$25.00 ,$10.00 
Boutonniere,$25.00 ,4,$100.00 ,$25.00 ,$10.00 
Corsage,$25.00 ,4,$100.00 ,$25.00 ,$10.00 
Corsage,$25.00 ,4,$100.00 ,$25.00 ,$10.00 
Corsage,$25.00 ,4,$100.00 ,$25.00 ,$10.00 
Corsage,$25.00 ,4,$100.00 ,$25.00 ,$10.00 
Small Arrangement,$25.00 ,4,$100.00 ,$25.00 ,$10.00 
Bridesmaid Bouquet,$50.00 ,2,$100.00 ,$25.00 ,$10.00 
Bridesmaid Bouquet,$50.00 ,2,$100.00 ,$25.00 ,$10.00 
Bridal Bouquet,$100.00 ,1,$100.00 ,$25.00 ,$10.00 
Bridal Bouquet,$100.00 ,1,$100.00 ,$25.00 ,$10.00 
Bridal Bouquet,$100.00 ,1,$100.00 ,$25.00 ,$10.00 
Bridal Bouquet,$100.00 ,1,$100.00 ,$25.00 ,$10.00 
Bridal Bouquet,$100.00 ,1,$100.00 ,$25.00 ,$10.00 
Bridal Bouquet,$100.00 ,1,$100.00 ,$25.00 ,$10.00 
Bridal Bouquet,$100.00 ,1,$100.00 ,$25.00 ,$10.00 
Bridesmaid Bouquet,$100.00 ,1,$100.00 ,$25.00 ,$10.00 
Cake Meadow,$100.00 ,1,$100.00 ,$25.00 ,$10.00 
Cake Meadow,$100.00 ,1,$100.00 ,$25.00 ,$10.00 
Cake Meadow,$100.00 ,1,$100.00 ,$25.00 ,$10.00 
Cake Meadow,$100.00 ,1,$100.00 ,$25.00 ,$10.00 
Cake Meadow,$100.00 ,1,$100.00 ,$25.00 ,$10.00 
Cake Meadow,$100.00 ,1,$100.00 ,$25.00 ,$10.00 
Cake Meadow,$100.00 ,1,$100.00 ,$25.00 ,$10.00 
Cake Meadow,$100.00 ,1,$100.00 ,$25.00 ,$10.00 
Cake Meadow,$100.00 ,1,$100.00 ,$25.00 ,$10.00 
Bridal Bouquet,$100.00 ,1,$100.00 ,$25.00 ,$10.00 
Bridal Bouquet,$100.00 ,1,$100.00 ,$25.00 ,$10.00 
Bridal Bouquet,$100.00 ,1,$100.00 ,$25.00 ,$10.00 
Bridal Bouquet,$100.00 ,1,$100.00 ,$25.00 ,$10.00 
Bridal Bouquet,$100.00 ,1,$100.00 ,$25.00 ,$10.00 
Bridal Bouquet,$100.00 ,1,$100.00 ,$25.00 ,$10.00 
Bridal Bouquet,$100.00 ,1,$100.00 ,$25.00 ,$10.00 
Bridesmaid Bouquet,$100.00 ,1,$100.00 ,$25.00 ,$10.00 
Cake Meadow,$100.00 ,1,$100.00 ,$25.00 ,$10.00 
Cake Meadow,$100.00 ,1,$100.00 ,$25.00 ,$10.00 
Cake Meadow,$100.00 ,1,$100.00 ,$25.00 ,$10.00 
Cake Meadow,$100.00 ,1,$100.00 ,$25.00 ,$10.00 
Cake Meadow,$100.00 ,1,$100.00 ,$25.00 ,$10.00 
Cake Meadow,$100.00 ,1,$100.00 ,$25.00 ,$10.00 
Cake Meadow,$100.00 ,1,$100.00 ,$25.00 ,$10.00 
Cake Meadow,$100.00 ,1,$100.00 ,$25.00 ,$10.00 
Cake Meadow,$100.00 ,1,$100.00 ,$25.00 ,$10.00 
Boutonniere,$15.00 ,7,$105.00 ,$26.25 ,$15.75 
Boutonniere,$15.00 ,7,$105.00 ,$26.25 ,$15.75 
Boutonniere,$15.00 ,7,$105.00 ,$26.25 ,$15.75 
Boutonniere,$15.00 ,7,$105.00 ,$26.25 ,$15.75 
Boutonniere,$15.00 ,7,$105.00 ,$26.25 ,$15.75 
Boutonniere,$15.00 ,7,$105.00 ,$26.25 ,$15.75 
Boutonniere,$15.00 ,7,$105.00 ,$26.25 ,$15.75 
Boutonniere,$15.00 ,7,$105.00 ,$26.25 ,$15.75 
Boutonniere,$15.00 ,7,$105.00 ,$26.25 ,$15.75 
Boutonniere,$15.00 ,7,$105.00 ,$26.25 ,$15.75 
Boutonniere,$15.00 ,7,$105.00 ,$26.25 ,$15.75 
Boutonniere,$15.00 ,7,$105.00 ,$26.25 ,$15.75 
Boutonniere,$15.00 ,7,$105.00 ,$26.25 ,$15.75 
Boutonniere,$15.00 ,7,$105.00 ,$26.25 ,$15.75 
Small Arrangement,$55.00 ,2,$110.00 ,$27.50 ,$11.00 
Small Arrangement,$55.00 ,2,$110.00 ,$27.50 ,$11.00 
Small Arrangement,$55.00 ,2,$110.00 ,$27.50 ,$11.00 
Small Arrangement,$55.00 ,2,$110.00 ,$27.50 ,$11.00 
Small Arrangement,$55.00 ,2,$110.00 ,$27.50 ,$11.00 
Small Arrangement,$55.00 ,2,$110.00 ,$27.50 ,$11.00 
Small Arrangement,$55.00 ,2,$110.00 ,$27.50 ,$11.00 
Small Arrangement,$55.00 ,2,$110.00 ,$27.50 ,$11.00 
Small Arrangement,$55.00 ,2,$110.00 ,$27.50 ,$11.00 
Small Arrangement,$55.00 ,2,$110.00 ,$27.50 ,$11.00 
Small Arrangement,$55.00 ,2,$110.00 ,$27.50 ,$11.00 
Small Arrangement,$55.00 ,2,$110.00 ,$27.50 ,$11.00 
Bridesmaid Bouquet,$110.00 ,1,$110.00 ,$27.50 ,$11.00 
Bridesmaid Bouquet,$110.00 ,1,$110.00 ,$27.50 ,$11.00 
Bridesmaid Hair Pins,$15.00 ,8,$120.00 ,$30.00 ,$18.00 
Bridesmaid Hair Pins,$15.00 ,8,$120.00 ,$30.00 ,$18.00 
Bridesmaid Hair Pins,$15.00 ,8,$120.00 ,$30.00 ,$18.00 
Bridesmaid Hair Pins,$15.00 ,8,$120.00 ,$30.00 ,$18.00 
Bridesmaid Hair Pins,$15.00 ,8,$120.00 ,$30.00 ,$18.00 
Bridesmaid Hair Pins,$15.00 ,8,$120.00 ,$30.00 ,$18.00 
Bud Vase,$20.00 ,6,$120.00 ,$30.00 ,$18.00 
Bud Vase,$20.00 ,6,$120.00 ,$30.00 ,$18.00 
Bud Vase,$20.00 ,6,$120.00 ,$30.00 ,$18.00 
Bud Vase,$20.00 ,6,$120.00 ,$30.00 ,$18.00 
Bud Vase,$20.00 ,6,$120.00 ,$30.00 ,$18.00 
Bud Vase,$20.00 ,6,$120.00 ,$30.00 ,$18.00 
Bud Vase,$20.00 ,6,$120.00 ,$30.00 ,$18.00 
Bud Vase,$20.00 ,6,$120.00 ,$30.00 ,$18.00 
Bud Vase,$20.00 ,6,$120.00 ,$30.00 ,$18.00 
Bud Vase,$20.00 ,6,$120.00 ,$30.00 ,$18.00 
Bud Vase,$20.00 ,6,$120.00 ,$30.00 ,$18.00 
Bud Vase,$20.00 ,6,$120.00 ,$30.00 ,$18.00 
Bridesmaid Bouquet,$60.00 ,2,$120.00 ,$30.00 ,$12.00 
Bridesmaid Bouquet,$60.00 ,2,$120.00 ,$30.00 ,$12.00 
Boutonniere,$25.00 ,5,$125.00 ,$31.25 ,$12.50 
Small Arrangement,$25.00 ,5,$125.00 ,$31.25 ,$12.50 
Small Arrangement,$25.00 ,5,$125.00 ,$31.25 ,$12.50 
Small Arrangement,$25.00 ,5,$125.00 ,$31.25 ,$12.50 
Boutonniere,$25.00 ,5,$125.00 ,$31.25 ,$12.50 
Small Arrangement,$25.00 ,5,$125.00 ,$31.25 ,$12.50 
Small Arrangement,$25.00 ,5,$125.00 ,$31.25 ,$12.50 
Small Arrangement,$25.00 ,5,$125.00 ,$31.25 ,$12.50 
Medium Arrangement,$125.00 ,1,$125.00 ,$31.25 ,$12.50 
Medium Arrangement,$125.00 ,1,$125.00 ,$31.25 ,$12.50 
Medium Arrangement,$125.00 ,1,$125.00 ,$31.25 ,$12.50 
Medium Arrangement,$125.00 ,1,$125.00 ,$31.25 ,$12.50 
Medium Arrangement,$125.00 ,1,$125.00 ,$31.25 ,$12.50 
Medium Arrangement,$125.00 ,1,$125.00 ,$31.25 ,$12.50 
Medium Arrangement,$125.00 ,1,$125.00 ,$31.25 ,$12.50 
Medium Arrangement,$125.00 ,1,$125.00 ,$31.25 ,$12.50 
Medium Arrangement,$125.00 ,1,$125.00 ,$31.25 ,$12.50 
Medium Arrangement,$125.00 ,1,$125.00 ,$31.25 ,$12.50 
Medium Arrangement,$125.00 ,1,$125.00 ,$31.25 ,$12.50 
Medium Arrangement,$125.00 ,1,$125.00 ,$31.25 ,$12.50 
Medium Arrangement,$125.00 ,1,$125.00 ,$31.25 ,$12.50 
Medium Arrangement,$125.00 ,1,$125.00 ,$31.25 ,$12.50 
Medium Arrangement,$125.00 ,1,$125.00 ,$31.25 ,$12.50 
Medium Arrangement,$125.00 ,1,$125.00 ,$31.25 ,$12.50 
Medium Arrangement,$125.00 ,1,$125.00 ,$31.25 ,$12.50 
Medium Arrangement,$125.00 ,1,$125.00 ,$31.25 ,$12.50 
Medium Arrangement,$125.00 ,1,$125.00 ,$31.25 ,$12.50 
Medium Arrangement,$125.00 ,1,$125.00 ,$31.25 ,$12.50 
Medium Arrangement,$125.00 ,1,$125.00 ,$31.25 ,$12.50 
Medium Arrangement,$125.00 ,1,$125.00 ,$31.25 ,$12.50 
Medium Arrangement,$125.00 ,1,$125.00 ,$31.25 ,$12.50 
Medium Arrangement,$125.00 ,1,$125.00 ,$31.25 ,$12.50 
Medium Arrangement,$125.00 ,1,$125.00 ,$31.25 ,$12.50 
Medium Arrangement,$125.00 ,1,$125.00 ,$31.25 ,$12.50 
Medium Arrangement,$125.00 ,1,$125.00 ,$31.25 ,$12.50 
Medium Arrangement,$125.00 ,1,$125.00 ,$31.25 ,$12.50 
Bud Vase,$20.00 ,7,$140.00 ,$35.00 ,$21.00 
Bud Vase,$20.00 ,7,$140.00 ,$35.00 ,$21.00 
Bud Vase,$20.00 ,7,$140.00 ,$35.00 ,$21.00 
Bud Vase,$20.00 ,7,$140.00 ,$35.00 ,$21.00 
Bud Vase,$20.00 ,7,$140.00 ,$35.00 ,$21.00 
Bud Vase,$20.00 ,7,$140.00 ,$35.00 ,$21.00 
Bud Vase,$20.00 ,7,$140.00 ,$35.00 ,$21.00 
Bud Vase,$20.00 ,7,$140.00 ,$35.00 ,$21.00 
Bridesmaid Bouquet,$70.00 ,2,$140.00 ,$35.00 ,$14.00 
Bridesmaid Bouquet,$70.00 ,2,$140.00 ,$35.00 ,$14.00 
Small Arrangement,$25.00 ,6,$150.00 ,$37.50 ,$22.50 
Small Arrangement,$25.00 ,6,$150.00 ,$37.50 ,$22.50 
Small Arrangement,$25.00 ,6,$150.00 ,$37.50 ,$22.50 
Small Arrangement,$25.00 ,6,$150.00 ,$37.50 ,$22.50 
Small Arrangement,$25.00 ,6,$150.00 ,$37.50 ,$22.50 
Small Arrangement,$25.00 ,6,$150.00 ,$37.50 ,$22.50 
Small Arrangement,$25.00 ,6,$150.00 ,$37.50 ,$22.50 
Small Arrangement,$25.00 ,6,$150.00 ,$37.50 ,$22.50 
Small Arrangement,$25.00 ,6,$150.00 ,$37.50 ,$22.50 
Small Arrangement,$25.00 ,6,$150.00 ,$37.50 ,$22.50 
Small Arrangement,$25.00 ,6,$150.00 ,$37.50 ,$22.50 
Small Arrangement,$25.00 ,6,$150.00 ,$37.50 ,$22.50 
Small Arrangement,$25.00 ,6,$150.00 ,$37.50 ,$22.50 
Small Arrangement,$25.00 ,6,$150.00 ,$37.50 ,$22.50 
Boutonniere,$30.00 ,5,$150.00 ,$37.50 ,$15.00 
Boutonniere,$30.00 ,5,$150.00 ,$37.50 ,$15.00 
Boutonniere,$30.00 ,5,$150.00 ,$37.50 ,$15.00 
Boutonniere,$30.00 ,5,$150.00 ,$37.50 ,$15.00 
Boutonniere,$30.00 ,5,$150.00 ,$37.50 ,$15.00 
Boutonniere,$30.00 ,5,$150.00 ,$37.50 ,$15.00 
Boutonniere,$30.00 ,5,$150.00 ,$37.50 ,$15.00 
Boutonniere,$30.00 ,5,$150.00 ,$37.50 ,$15.00 
Boutonniere,$30.00 ,5,$150.00 ,$37.50 ,$15.00 
Boutonniere,$30.00 ,5,$150.00 ,$37.50 ,$15.00 
Boutonniere,$30.00 ,5,$150.00 ,$37.50 ,$15.00 
Boutonniere,$30.00 ,5,$150.00 ,$37.50 ,$15.00 
Boutonniere,$30.00 ,5,$150.00 ,$37.50 ,$15.00 
Boutonniere,$30.00 ,5,$150.00 ,$37.50 ,$15.00 
Bridesmaid Bouquet,$50.00 ,3,$150.00 ,$37.50 ,$15.00 
Bridesmaid Bouquet,$50.00 ,3,$150.00 ,$37.50 ,$15.00 
Small Arrangement,$75.00 ,2,$150.00 ,$37.50 ,$15.00 
Small Arrangement,$75.00 ,2,$150.00 ,$37.50 ,$15.00 
Small Arrangement,$75.00 ,2,$150.00 ,$37.50 ,$15.00 
Small Arrangement,$75.00 ,2,$150.00 ,$37.50 ,$15.00 
Small Arrangement,$75.00 ,2,$150.00 ,$37.50 ,$15.00 
Small Arrangement,$75.00 ,2,$150.00 ,$37.50 ,$15.00 
Small Arrangement,$75.00 ,2,$150.00 ,$37.50 ,$15.00 
Small Arrangement,$75.00 ,2,$150.00 ,$37.50 ,$15.00 
Small Arrangement,$75.00 ,2,$150.00 ,$37.50 ,$15.00 
Small Arrangement,$75.00 ,2,$150.00 ,$37.50 ,$15.00 
Small Arrangement,$75.00 ,2,$150.00 ,$37.50 ,$15.00 
Small Arrangement,$75.00 ,2,$150.00 ,$37.50 ,$15.00 
Small Arrangement,$75.00 ,2,$150.00 ,$37.50 ,$15.00 
Small Arrangement,$75.00 ,2,$150.00 ,$37.50 ,$15.00 
Small Arrangement,$75.00 ,2,$150.00 ,$37.50 ,$15.00 
Small Arrangement,$75.00 ,2,$150.00 ,$37.50 ,$15.00 
Small Arrangement,$75.00 ,2,$150.00 ,$37.50 ,$15.00 
Small Arrangement,$75.00 ,2,$150.00 ,$37.50 ,$15.00 
Small Arrangement,$75.00 ,2,$150.00 ,$37.50 ,$15.00 
Small Arrangement,$75.00 ,2,$150.00 ,$37.50 ,$15.00 
Bridal Bouquet,$150.00 ,1,$150.00 ,$37.50 ,$15.00 
Bridal Bouquet,$150.00 ,1,$150.00 ,$37.50 ,$15.00 
Bridal Bouquet,$150.00 ,1,$150.00 ,$37.50 ,$15.00 
Bridal Bouquet,$150.00 ,1,$150.00 ,$37.50 ,$15.00 
Bridal Bouquet,$150.00 ,1,$150.00 ,$37.50 ,$15.00 
Bridal Bouquet,$150.00 ,1,$150.00 ,$37.50 ,$15.00 
Bridal Bouquet,$150.00 ,1,$150.00 ,$37.50 ,$15.00 
Bridal Bouquet,$150.00 ,1,$150.00 ,$37.50 ,$15.00 
Bridal Bouquet,$150.00 ,1,$150.00 ,$37.50 ,$15.00 
Cake Meadow,$150.00 ,1,$150.00 ,$37.50 ,$15.00 
Cake Meadow,$150.00 ,1,$150.00 ,$37.50 ,$15.00 
Cake Meadow,$150.00 ,1,$150.00 ,$37.50 ,$15.00 
Cake Meadow,$150.00 ,1,$150.00 ,$37.50 ,$15.00 
Cake Meadow,$150.00 ,1,$150.00 ,$37.50 ,$15.00 
Cake Meadow,$150.00 ,1,$150.00 ,$37.50 ,$15.00 
Cake Meadow,$150.00 ,1,$150.00 ,$37.50 ,$15.00 
Cake Meadow,$150.00 ,1,$150.00 ,$37.50 ,$15.00 
Medium Arrangement,$150.00 ,1,$150.00 ,$37.50 ,$15.00 
Medium Arrangement,$150.00 ,1,$150.00 ,$37.50 ,$15.00 
Medium Arrangement,$150.00 ,1,$150.00 ,$37.50 ,$15.00 
Medium Arrangement,$150.00 ,1,$150.00 ,$37.50 ,$15.00 
Medium Arrangement,$150.00 ,1,$150.00 ,$37.50 ,$15.00 
Medium Arrangement,$150.00 ,1,$150.00 ,$37.50 ,$15.00 
Bridal Bouquet,$150.00 ,1,$150.00 ,$37.50 ,$15.00 
Bridal Bouquet,$150.00 ,1,$150.00 ,$37.50 ,$15.00 
Bridal Bouquet,$150.00 ,1,$150.00 ,$37.50 ,$15.00 
Bridal Bouquet,$150.00 ,1,$150.00 ,$37.50 ,$15.00 
Bridal Bouquet,$150.00 ,1,$150.00 ,$37.50 ,$15.00 
Bridal Bouquet,$150.00 ,1,$150.00 ,$37.50 ,$15.00 
Bridal Bouquet,$150.00 ,1,$150.00 ,$37.50 ,$15.00 
Bridal Bouquet,$150.00 ,1,$150.00 ,$37.50 ,$15.00 
Bridal Bouquet,$150.00 ,1,$150.00 ,$37.50 ,$15.00 
Cake Meadow,$150.00 ,1,$150.00 ,$37.50 ,$15.00 
Cake Meadow,$150.00 ,1,$150.00 ,$37.50 ,$15.00 
Cake Meadow,$150.00 ,1,$150.00 ,$37.50 ,$15.00 
Cake Meadow,$150.00 ,1,$150.00 ,$37.50 ,$15.00 
Cake Meadow,$150.00 ,1,$150.00 ,$37.50 ,$15.00 
Cake Meadow,$150.00 ,1,$150.00 ,$37.50 ,$15.00 
Cake Meadow,$150.00 ,1,$150.00 ,$37.50 ,$15.00 
Cake Meadow,$150.00 ,1,$150.00 ,$37.50 ,$15.00 
Medium Arrangement,$150.00 ,1,$150.00 ,$37.50 ,$15.00 
Medium Arrangement,$150.00 ,1,$150.00 ,$37.50 ,$15.00 
Medium Arrangement,$150.00 ,1,$150.00 ,$37.50 ,$15.00 
Medium Arrangement,$150.00 ,1,$150.00 ,$37.50 ,$15.00 
Medium Arrangement,$150.00 ,1,$150.00 ,$37.50 ,$15.00 
Medium Arrangement,$150.00 ,1,$150.00 ,$37.50 ,$15.00 
Boutonniere,$20.00 ,8,$160.00 ,$40.00 ,$24.00 
Boutonniere,$20.00 ,8,$160.00 ,$40.00 ,$24.00 
Boutonniere,$20.00 ,8,$160.00 ,$40.00 ,$24.00 
Boutonniere,$20.00 ,8,$160.00 ,$40.00 ,$24.00 
Boutonniere,$20.00 ,8,$160.00 ,$40.00 ,$24.00 
Boutonniere,$20.00 ,8,$160.00 ,$40.00 ,$24.00 
Boutonniere,$20.00 ,8,$160.00 ,$40.00 ,$24.00 
Bud Vase,$20.00 ,8,$160.00 ,$40.00 ,$24.00 
Bud Vase,$20.00 ,8,$160.00 ,$40.00 ,$24.00 
Bud Vase,$20.00 ,8,$160.00 ,$40.00 ,$24.00 
Boutonniere,$20.00 ,8,$160.00 ,$40.00 ,$24.00 
Boutonniere,$20.00 ,8,$160.00 ,$40.00 ,$24.00 
Boutonniere,$20.00 ,8,$160.00 ,$40.00 ,$24.00 
Boutonniere,$20.00 ,8,$160.00 ,$40.00 ,$24.00 
Boutonniere,$20.00 ,8,$160.00 ,$40.00 ,$24.00 
Boutonniere,$20.00 ,8,$160.00 ,$40.00 ,$24.00 
Boutonniere,$20.00 ,8,$160.00 ,$40.00 ,$24.00 
Bud Vase,$20.00 ,8,$160.00 ,$40.00 ,$24.00 
Bud Vase,$20.00 ,8,$160.00 ,$40.00 ,$24.00 
Bud Vase,$20.00 ,8,$160.00 ,$40.00 ,$24.00 
Bridesmaid Bouquet,$80.00 ,2,$160.00 ,$40.00 ,$16.00 
Bridesmaid Bouquet,$80.00 ,2,$160.00 ,$40.00 ,$16.00 
Boutonniere,$15.00 ,11,$165.00 ,$41.25 ,$33.00 
Boutonniere,$15.00 ,11,$165.00 ,$41.25 ,$33.00 
Boutonniere,$15.00 ,11,$165.00 ,$41.25 ,$33.00 
Boutonniere,$15.00 ,11,$165.00 ,$41.25 ,$33.00 
Boutonniere,$15.00 ,11,$165.00 ,$41.25 ,$33.00 
Boutonniere,$15.00 ,11,$165.00 ,$41.25 ,$33.00 
Boutonniere,$15.00 ,11,$165.00 ,$41.25 ,$33.00 
Boutonniere,$15.00 ,11,$165.00 ,$41.25 ,$33.00 
Boutonniere,$15.00 ,11,$165.00 ,$41.25 ,$33.00 
Boutonniere,$15.00 ,11,$165.00 ,$41.25 ,$33.00 
Boutonniere,$15.00 ,11,$165.00 ,$41.25 ,$33.00 
Boutonniere,$15.00 ,11,$165.00 ,$41.25 ,$33.00 
Small Arrangement,$55.00 ,3,$165.00 ,$41.25 ,$16.50 
Small Arrangement,$55.00 ,3,$165.00 ,$41.25 ,$16.50 
Small Arrangement,$55.00 ,3,$165.00 ,$41.25 ,$16.50 
Small Arrangement,$55.00 ,3,$165.00 ,$41.25 ,$16.50 
Small Arrangement,$55.00 ,3,$165.00 ,$41.25 ,$16.50 
Small Arrangement,$55.00 ,3,$165.00 ,$41.25 ,$16.50 
Small Arrangement,$55.00 ,3,$165.00 ,$41.25 ,$16.50 
Small Arrangement,$55.00 ,3,$165.00 ,$41.25 ,$16.50 
Small Arrangement,$25.00 ,7,$175.00 ,$43.75 ,$26.25 
Small Arrangement,$25.00 ,7,$175.00 ,$43.75 ,$26.25 
Small Arrangement,$25.00 ,7,$175.00 ,$43.75 ,$26.25 
Small Arrangement,$25.00 ,7,$175.00 ,$43.75 ,$26.25 
Small Arrangement,$25.00 ,7,$175.00 ,$43.75 ,$26.25 
Small Arrangement,$25.00 ,7,$175.00 ,$43.75 ,$26.25 
Small Arrangement,$25.00 ,7,$175.00 ,$43.75 ,$26.25 
Small Arrangement,$25.00 ,7,$175.00 ,$43.75 ,$26.25 
Small Arrangement,$25.00 ,7,$175.00 ,$43.75 ,$26.25 
Small Arrangement,$25.00 ,7,$175.00 ,$43.75 ,$26.25 
Small Arrangement,$25.00 ,7,$175.00 ,$43.75 ,$26.25 
Small Arrangement,$25.00 ,7,$175.00 ,$43.75 ,$26.25 
Small Arrangement,$25.00 ,7,$175.00 ,$43.75 ,$26.25 
Small Arrangement,$25.00 ,7,$175.00 ,$43.75 ,$26.25 
Flower Cloud,$175.00 ,1,$175.00 ,$43.75 ,$17.50 
Flower Cloud,$175.00 ,1,$175.00 ,$43.75 ,$17.50 
Flower Cloud,$175.00 ,1,$175.00 ,$43.75 ,$17.50 
Flower Cloud,$175.00 ,1,$175.00 ,$43.75 ,$17.50 
Medium Arrangement,$175.00 ,1,$175.00 ,$43.75 ,$17.50 
Medium Arrangement,$175.00 ,1,$175.00 ,$43.75 ,$17.50 
Medium Arrangement,$175.00 ,1,$175.00 ,$43.75 ,$17.50 
Flower Cloud,$175.00 ,1,$175.00 ,$43.75 ,$17.50 
Flower Cloud,$175.00 ,1,$175.00 ,$43.75 ,$17.50 
Flower Cloud,$175.00 ,1,$175.00 ,$43.75 ,$17.50 
Flower Cloud,$175.00 ,1,$175.00 ,$43.75 ,$17.50 
Medium Arrangement,$175.00 ,1,$175.00 ,$43.75 ,$17.50 
Medium Arrangement,$175.00 ,1,$175.00 ,$43.75 ,$17.50 
Medium Arrangement,$175.00 ,1,$175.00 ,$43.75 ,$17.50 
Bud Vase,$20.00 ,9,$180.00 ,$45.00 ,$27.00 
Bud Vase,$20.00 ,9,$180.00 ,$45.00 ,$27.00 
Bud Vase,$20.00 ,9,$180.00 ,$45.00 ,$27.00 
Bud Vase,$20.00 ,9,$180.00 ,$45.00 ,$27.00 
Bud Vase,$20.00 ,9,$180.00 ,$45.00 ,$27.00 
Bud Vase,$20.00 ,9,$180.00 ,$45.00 ,$27.00 
Bud Vase,$20.00 ,9,$180.00 ,$45.00 ,$27.00 
Bud Vase,$20.00 ,9,$180.00 ,$45.00 ,$27.00 
Boutonniere,$30.00 ,6,$180.00 ,$45.00 ,$27.00 
Boutonniere,$30.00 ,6,$180.00 ,$45.00 ,$27.00 
Bridesmaid Bouquet,$60.00 ,3,$180.00 ,$45.00 ,$18.00 
Bridesmaid Bouquet,$60.00 ,3,$180.00 ,$45.00 ,$18.00 
Boutonniere,$15.00 ,13,$195.00 ,$48.75 ,$39.00 
Boutonniere,$15.00 ,13,$195.00 ,$48.75 ,$39.00 
Bud Vase,$20.00 ,10,$200.00 ,$50.00 ,$40.00 
Bud Vase,$20.00 ,10,$200.00 ,$50.00 ,$40.00 
Bud Vase,$20.00 ,10,$200.00 ,$50.00 ,$40.00 
Bud Vase,$20.00 ,10,$200.00 ,$50.00 ,$40.00 
Small Arrangement,$25.00 ,8,$200.00 ,$50.00 ,$30.00 
Small Arrangement,$25.00 ,8,$200.00 ,$50.00 ,$30.00 
Bridesmaid Bouquet,$50.00 ,4,$200.00 ,$50.00 ,$20.00 
Bridesmaid Bouquet,$50.00 ,4,$200.00 ,$50.00 ,$20.00 
Bridal Bouquet,$100.00 ,2,$200.00 ,$50.00 ,$20.00 
Bridal Bouquet,$100.00 ,2,$200.00 ,$50.00 ,$20.00 
Bridal Bouquet,$100.00 ,2,$200.00 ,$50.00 ,$20.00 
Bridal Bouquet,$100.00 ,2,$200.00 ,$50.00 ,$20.00 
Bridal Bouquet,$200.00 ,1,$200.00 ,$50.00 ,$20.00 
Bridal Bouquet,$200.00 ,1,$200.00 ,$50.00 ,$20.00 
Bridal Bouquet,$200.00 ,1,$200.00 ,$50.00 ,$20.00 
Bridal Bouquet,$200.00 ,1,$200.00 ,$50.00 ,$20.00 
Bridal Bouquet,$200.00 ,1,$200.00 ,$50.00 ,$20.00 
Bridal Bouquet,$200.00 ,1,$200.00 ,$50.00 ,$20.00 
Bridal Bouquet,$200.00 ,1,$200.00 ,$50.00 ,$20.00 
Bridal Bouquet,$200.00 ,1,$200.00 ,$50.00 ,$20.00 
Bridal Bouquet,$200.00 ,1,$200.00 ,$50.00 ,$20.00 
Cake Meadow,$200.00 ,1,$200.00 ,$50.00 ,$20.00 
Cake Meadow,$200.00 ,1,$200.00 ,$50.00 ,$20.00 
Cake Meadow,$200.00 ,1,$200.00 ,$50.00 ,$20.00 
Cake Meadow,$200.00 ,1,$200.00 ,$50.00 ,$20.00 
Cake Meadow,$200.00 ,1,$200.00 ,$50.00 ,$20.00 
Cake Meadow,$200.00 ,1,$200.00 ,$50.00 ,$20.00 
Cake Meadow,$200.00 ,1,$200.00 ,$50.00 ,$20.00 
Cake Meadow,$200.00 ,1,$200.00 ,$50.00 ,$20.00 
Cake Meadow,$200.00 ,1,$200.00 ,$50.00 ,$20.00 
Cake Meadow,$200.00 ,1,$200.00 ,$50.00 ,$20.00 
Flower Arch,$200.00 ,1,$200.00 ,$50.00 ,$20.00 
Flower Arch,$200.00 ,1,$200.00 ,$50.00 ,$20.00 
Flower Arch,$200.00 ,1,$200.00 ,$50.00 ,$20.00 
Flower Arch,$200.00 ,1,$200.00 ,$50.00 ,$20.00 
Flower Cloud,$200.00 ,1,$200.00 ,$50.00 ,$20.00 
Flower Cloud,$200.00 ,1,$200.00 ,$50.00 ,$20.00 
Flower Cloud,$200.00 ,1,$200.00 ,$50.00 ,$20.00 
Flower Cloud,$200.00 ,1,$200.00 ,$50.00 ,$20.00 
Flower Cloud,$200.00 ,1,$200.00 ,$50.00 ,$20.00 
Flower Cloud,$200.00 ,1,$200.00 ,$50.00 ,$20.00 
Flower Cloud,$200.00 ,1,$200.00 ,$50.00 ,$20.00 
Flower Cloud,$200.00 ,1,$200.00 ,$50.00 ,$20.00 
Flower Cloud,$200.00 ,1,$200.00 ,$50.00 ,$20.00 
Flower Cloud,$200.00 ,1,$200.00 ,$50.00 ,$20.00 
Flower Cloud,$200.00 ,1,$200.00 ,$50.00 ,$20.00 
Large Arrangement,$200.00 ,1,$200.00 ,$50.00 ,$20.00 
Large Arrangement,$200.00 ,1,$200.00 ,$50.00 ,$20.00 
Large Arrangement,$200.00 ,1,$200.00 ,$50.00 ,$20.00 
Large Arrangement,$200.00 ,1,$200.00 ,$50.00 ,$20.00 
Large Arrangement,$200.00 ,1,$200.00 ,$50.00 ,$20.00 
Bridal Bouquet,$200.00 ,1,$200.00 ,$50.00 ,$20.00 
Bridal Bouquet,$200.00 ,1,$200.00 ,$50.00 ,$20.00 
Bridal Bouquet,$200.00 ,1,$200.00 ,$50.00 ,$20.00 
Bridal Bouquet,$200.00 ,1,$200.00 ,$50.00 ,$20.00 
Bridal Bouquet,$200.00 ,1,$200.00 ,$50.00 ,$20.00 
Bridal Bouquet,$200.00 ,1,$200.00 ,$50.00 ,$20.00 
Bridal Bouquet,$200.00 ,1,$200.00 ,$50.00 ,$20.00 
Bridal Bouquet,$200.00 ,1,$200.00 ,$50.00 ,$20.00 
Bridal Bouquet,$200.00 ,1,$200.00 ,$50.00 ,$20.00 
Cake Meadow,$200.00 ,1,$200.00 ,$50.00 ,$20.00 
Cake Meadow,$200.00 ,1,$200.00 ,$50.00 ,$20.00 
Cake Meadow,$200.00 ,1,$200.00 ,$50.00 ,$20.00 
Cake Meadow,$200.00 ,1,$200.00 ,$50.00 ,$20.00 
Cake Meadow,$200.00 ,1,$200.00 ,$50.00 ,$20.00 
Cake Meadow,$200.00 ,1,$200.00 ,$50.00 ,$20.00 
Cake Meadow,$200.00 ,1,$200.00 ,$50.00 ,$20.00 
Cake Meadow,$200.00 ,1,$200.00 ,$50.00 ,$20.00 
Cake Meadow,$200.00 ,1,$200.00 ,$50.00 ,$20.00 
Cake Meadow,$200.00 ,1,$200.00 ,$50.00 ,$20.00 
Flower Arch,$200.00 ,1,$200.00 ,$50.00 ,$20.00 
Flower Arch,$200.00 ,1,$200.00 ,$50.00 ,$20.00 
Flower Arch,$200.00 ,1,$200.00 ,$50.00 ,$20.00 
Flower Arch,$200.00 ,1,$200.00 ,$50.00 ,$20.00 
Flower Cloud,$200.00 ,1,$200.00 ,$50.00 ,$20.00 
Flower Cloud,$200.00 ,1,$200.00 ,$50.00 ,$20.00 
Flower Cloud,$200.00 ,1,$200.00 ,$50.00 ,$20.00 
Flower Cloud,$200.00 ,1,$200.00 ,$50.00 ,$20.00 
Flower Cloud,$200.00 ,1,$200.00 ,$50.00 ,$20.00 
Flower Cloud,$200.00 ,1,$200.00 ,$50.00 ,$20.00 
Flower Cloud,$200.00 ,1,$200.00 ,$50.00 ,$20.00 
Flower Cloud,$200.00 ,1,$200.00 ,$50.00 ,$20.00 
Flower Cloud,$200.00 ,1,$200.00 ,$50.00 ,$20.00 
Flower Cloud,$200.00 ,1,$200.00 ,$50.00 ,$20.00 
Flower Cloud,$200.00 ,1,$200.00 ,$50.00 ,$20.00 
Large Arrangement,$200.00 ,1,$200.00 ,$50.00 ,$20.00 
Large Arrangement,$200.00 ,1,$200.00 ,$50.00 ,$20.00 
Large Arrangement,$200.00 ,1,$200.00 ,$50.00 ,$20.00 
Large Arrangement,$200.00 ,1,$200.00 ,$50.00 ,$20.00 
Large Arrangement,$200.00 ,1,$200.00 ,$50.00 ,$20.00 
Bridesmaid Bouquet,$70.00 ,3,$210.00 ,$52.50 ,$21.00 
Bridesmaid Bouquet,$70.00 ,3,$210.00 ,$52.50 ,$21.00 
Small Arrangement,$55.00 ,4,$220.00 ,$55.00 ,$22.00 
Small Arrangement,$55.00 ,4,$220.00 ,$55.00 ,$22.00 
Small Arrangement,$55.00 ,4,$220.00 ,$55.00 ,$22.00 
Small Arrangement,$55.00 ,4,$220.00 ,$55.00 ,$22.00 
Small Arrangement,$55.00 ,4,$220.00 ,$55.00 ,$22.00 
Small Arrangement,$55.00 ,4,$220.00 ,$55.00 ,$22.00 
Bridesmaid Bouquet,$110.00 ,2,$220.00 ,$55.00 ,$22.00 
Bridesmaid Bouquet,$110.00 ,2,$220.00 ,$55.00 ,$22.00 
Boutonniere,$25.00 ,9,$225.00 ,$56.25 ,$33.75 
Boutonniere,$25.00 ,9,$225.00 ,$56.25 ,$33.75 
Boutonniere,$25.00 ,9,$225.00 ,$56.25 ,$33.75 
Boutonniere,$25.00 ,9,$225.00 ,$56.25 ,$33.75 
Boutonniere,$25.00 ,9,$225.00 ,$56.25 ,$33.75 
Boutonniere,$25.00 ,9,$225.00 ,$56.25 ,$33.75 
Boutonniere,$25.00 ,9,$225.00 ,$56.25 ,$33.75 
Small Arrangement,$25.00 ,9,$225.00 ,$56.25 ,$33.75 
Small Arrangement,$25.00 ,9,$225.00 ,$56.25 ,$33.75 
Boutonniere,$25.00 ,9,$225.00 ,$56.25 ,$33.75 
Boutonniere,$25.00 ,9,$225.00 ,$56.25 ,$33.75 
Boutonniere,$25.00 ,9,$225.00 ,$56.25 ,$33.75 
Boutonniere,$25.00 ,9,$225.00 ,$56.25 ,$33.75 
Boutonniere,$25.00 ,9,$225.00 ,$56.25 ,$33.75 
Boutonniere,$25.00 ,9,$225.00 ,$56.25 ,$33.75 
Boutonniere,$25.00 ,9,$225.00 ,$56.25 ,$33.75 
Small Arrangement,$25.00 ,9,$225.00 ,$56.25 ,$33.75 
Small Arrangement,$25.00 ,9,$225.00 ,$56.25 ,$33.75 
Small Arrangement,$75.00 ,3,$225.00 ,$56.25 ,$22.50 
Small Arrangement,$75.00 ,3,$225.00 ,$56.25 ,$22.50 
Small Arrangement,$75.00 ,3,$225.00 ,$56.25 ,$22.50 
Small Arrangement,$75.00 ,3,$225.00 ,$56.25 ,$22.50 
Small Arrangement,$75.00 ,3,$225.00 ,$56.25 ,$22.50 
Small Arrangement,$75.00 ,3,$225.00 ,$56.25 ,$22.50 
Flower Cloud,$225.00 ,1,$225.00 ,$56.25 ,$22.50 
Flower Cloud,$225.00 ,1,$225.00 ,$56.25 ,$22.50 
Flower Cloud,$225.00 ,1,$225.00 ,$56.25 ,$22.50 
Flower Cloud,$225.00 ,1,$225.00 ,$56.25 ,$22.50 
Flower Cloud,$225.00 ,1,$225.00 ,$56.25 ,$22.50 
Flower Cloud,$225.00 ,1,$225.00 ,$56.25 ,$22.50 
Flower Cloud,$225.00 ,1,$225.00 ,$56.25 ,$22.50 
Flower Cloud,$225.00 ,1,$225.00 ,$56.25 ,$22.50 
Flower Cloud,$225.00 ,1,$225.00 ,$56.25 ,$22.50 
Flower Cloud,$225.00 ,1,$225.00 ,$56.25 ,$22.50 
Bud Vase,$20.00 ,12,$240.00 ,$60.00 ,$48.00 
Bud Vase,$20.00 ,12,$240.00 ,$60.00 ,$48.00 
Bridesmaid Bouquet,$60.00 ,4,$240.00 ,$60.00 ,$24.00 
Bridesmaid Bouquet,$60.00 ,4,$240.00 ,$60.00 ,$24.00 
Boutonniere,$25.00 ,10,$250.00 ,$62.50 ,$50.00 
Boutonniere,$25.00 ,10,$250.00 ,$62.50 ,$50.00 
Bridesmaid Bouquet,$50.00 ,5,$250.00 ,$62.50 ,$25.00 
Bridesmaid Bouquet,$50.00 ,5,$250.00 ,$62.50 ,$25.00 
Medium Arrangement,$125.00 ,2,$250.00 ,$62.50 ,$25.00 
Medium Arrangement,$125.00 ,2,$250.00 ,$62.50 ,$25.00 
Medium Arrangement,$125.00 ,2,$250.00 ,$62.50 ,$25.00 
Medium Arrangement,$125.00 ,2,$250.00 ,$62.50 ,$25.00 
Medium Arrangement,$125.00 ,2,$250.00 ,$62.50 ,$25.00 
Medium Arrangement,$125.00 ,2,$250.00 ,$62.50 ,$25.00 
Medium Arrangement,$125.00 ,2,$250.00 ,$62.50 ,$25.00 
Medium Arrangement,$125.00 ,2,$250.00 ,$62.50 ,$25.00 
Medium Arrangement,$125.00 ,2,$250.00 ,$62.50 ,$25.00 
Medium Arrangement,$125.00 ,2,$250.00 ,$62.50 ,$25.00 
Medium Arrangement,$125.00 ,2,$250.00 ,$62.50 ,$25.00 
Medium Arrangement,$125.00 ,2,$250.00 ,$62.50 ,$25.00 
Medium Arrangement,$125.00 ,2,$250.00 ,$62.50 ,$25.00 
Medium Arrangement,$125.00 ,2,$250.00 ,$62.50 ,$25.00 
Medium Arrangement,$125.00 ,2,$250.00 ,$62.50 ,$25.00 
Medium Arrangement,$125.00 ,2,$250.00 ,$62.50 ,$25.00 
Medium Arrangement,$125.00 ,2,$250.00 ,$62.50 ,$25.00 
Medium Arrangement,$125.00 ,2,$250.00 ,$62.50 ,$25.00 
Bridal Bouquet,$250.00 ,1,$250.00 ,$62.50 ,$25.00 
Bridal Bouquet,$250.00 ,1,$250.00 ,$62.50 ,$25.00 
Bridal Bouquet,$250.00 ,1,$250.00 ,$62.50 ,$25.00 
Bridal Bouquet,$250.00 ,1,$250.00 ,$62.50 ,$25.00 
Bridal Bouquet,$250.00 ,1,$250.00 ,$62.50 ,$25.00 
Bridal Bouquet,$250.00 ,1,$250.00 ,$62.50 ,$25.00 
Bridal Bouquet,$250.00 ,1,$250.00 ,$62.50 ,$25.00 
Bridal Bouquet,$250.00 ,1,$250.00 ,$62.50 ,$25.00 
Bridal Bouquet,$250.00 ,1,$250.00 ,$62.50 ,$25.00 
Cake Meadow,$250.00 ,1,$250.00 ,$62.50 ,$25.00 
Cake Meadow,$250.00 ,1,$250.00 ,$62.50 ,$25.00 
Cake Meadow,$250.00 ,1,$250.00 ,$62.50 ,$25.00 
Cake Meadow,$250.00 ,1,$250.00 ,$62.50 ,$25.00 
Cake Meadow,$250.00 ,1,$250.00 ,$62.50 ,$25.00 
Cake Meadow,$250.00 ,1,$250.00 ,$62.50 ,$25.00 
Cake Meadow,$250.00 ,1,$250.00 ,$62.50 ,$25.00 
Cake Meadow,$250.00 ,1,$250.00 ,$62.50 ,$25.00 
Cake Meadow,$250.00 ,1,$250.00 ,$62.50 ,$25.00 
Cake Meadow,$250.00 ,1,$250.00 ,$62.50 ,$25.00 
Cake Meadow,$250.00 ,1,$250.00 ,$62.50 ,$25.00 
Cake Meadow,$250.00 ,1,$250.00 ,$62.50 ,$25.00 
Cake Meadow,$250.00 ,1,$250.00 ,$62.50 ,$25.00 
Cake Meadow,$250.00 ,1,$250.00 ,$62.50 ,$25.00 
Flower Cloud,$250.00 ,1,$250.00 ,$62.50 ,$25.00 
Flower Cloud,$250.00 ,1,$250.00 ,$62.50 ,$25.00 
Flower Cloud,$250.00 ,1,$250.00 ,$62.50 ,$25.00 
Flower Cloud,$250.00 ,1,$250.00 ,$62.50 ,$25.00 
Flower Cloud,$250.00 ,1,$250.00 ,$62.50 ,$25.00 
Flower Cloud,$250.00 ,1,$250.00 ,$62.50 ,$25.00 
Flower Cloud,$250.00 ,1,$250.00 ,$62.50 ,$25.00 
Bridal Bouquet,$250.00 ,1,$250.00 ,$62.50 ,$25.00 
Bridal Bouquet,$250.00 ,1,$250.00 ,$62.50 ,$25.00 
Bridal Bouquet,$250.00 ,1,$250.00 ,$62.50 ,$25.00 
Bridal Bouquet,$250.00 ,1,$250.00 ,$62.50 ,$25.00 
Bridal Bouquet,$250.00 ,1,$250.00 ,$62.50 ,$25.00 
Bridal Bouquet,$250.00 ,1,$250.00 ,$62.50 ,$25.00 
Bridal Bouquet,$250.00 ,1,$250.00 ,$62.50 ,$25.00 
Bridal Bouquet,$250.00 ,1,$250.00 ,$62.50 ,$25.00 
Bridal Bouquet,$250.00 ,1,$250.00 ,$62.50 ,$25.00 
Cake Meadow,$250.00 ,1,$250.00 ,$62.50 ,$25.00 
Cake Meadow,$250.00 ,1,$250.00 ,$62.50 ,$25.00 
Cake Meadow,$250.00 ,1,$250.00 ,$62.50 ,$25.00 
Cake Meadow,$250.00 ,1,$250.00 ,$62.50 ,$25.00 
Cake Meadow,$250.00 ,1,$250.00 ,$62.50 ,$25.00 
Cake Meadow,$250.00 ,1,$250.00 ,$62.50 ,$25.00 
Cake Meadow,$250.00 ,1,$250.00 ,$62.50 ,$25.00 
Cake Meadow,$250.00 ,1,$250.00 ,$62.50 ,$25.00 
Cake Meadow,$250.00 ,1,$250.00 ,$62.50 ,$25.00 
Cake Meadow,$250.00 ,1,$250.00 ,$62.50 ,$25.00 
Cake Meadow,$250.00 ,1,$250.00 ,$62.50 ,$25.00 
Cake Meadow,$250.00 ,1,$250.00 ,$62.50 ,$25.00 
Cake Meadow,$250.00 ,1,$250.00 ,$62.50 ,$25.00 
Cake Meadow,$250.00 ,1,$250.00 ,$62.50 ,$25.00 
Flower Cloud,$250.00 ,1,$250.00 ,$62.50 ,$25.00 
Flower Cloud,$250.00 ,1,$250.00 ,$62.50 ,$25.00 
Flower Cloud,$250.00 ,1,$250.00 ,$62.50 ,$25.00 
Flower Cloud,$250.00 ,1,$250.00 ,$62.50 ,$25.00 
Flower Cloud,$250.00 ,1,$250.00 ,$62.50 ,$25.00 
Flower Cloud,$250.00 ,1,$250.00 ,$62.50 ,$25.00 
Flower Cloud,$250.00 ,1,$250.00 ,$62.50 ,$25.00 
Boutonniere,$20.00 ,13,$260.00 ,$65.00 ,$52.00 
Boutonniere,$20.00 ,13,$260.00 ,$65.00 ,$52.00 
Boutonniere,$20.00 ,13,$260.00 ,$65.00 ,$52.00 
Boutonniere,$20.00 ,13,$260.00 ,$65.00 ,$52.00 
Boutonniere,$20.00 ,13,$260.00 ,$65.00 ,$52.00 
Boutonniere,$20.00 ,13,$260.00 ,$65.00 ,$52.00 
Boutonniere,$20.00 ,13,$260.00 ,$65.00 ,$52.00 
Boutonniere,$20.00 ,13,$260.00 ,$65.00 ,$52.00 
Boutonniere,$20.00 ,13,$260.00 ,$65.00 ,$52.00 
Boutonniere,$20.00 ,13,$260.00 ,$65.00 ,$52.00 
Boutonniere,$20.00 ,13,$260.00 ,$65.00 ,$52.00 
Boutonniere,$20.00 ,13,$260.00 ,$65.00 ,$52.00 
Small Arrangement,$55.00 ,5,$275.00 ,$68.75 ,$27.50 
Small Arrangement,$55.00 ,5,$275.00 ,$68.75 ,$27.50 
Small Arrangement,$55.00 ,5,$275.00 ,$68.75 ,$27.50 
Small Arrangement,$55.00 ,5,$275.00 ,$68.75 ,$27.50 
Small Arrangement,$55.00 ,5,$275.00 ,$68.75 ,$27.50 
Small Arrangement,$55.00 ,5,$275.00 ,$68.75 ,$27.50 
Flower Cloud,$275.00 ,1,$275.00 ,$68.75 ,$27.50 
Flower Cloud,$275.00 ,1,$275.00 ,$68.75 ,$27.50 
Flower Cloud,$275.00 ,1,$275.00 ,$68.75 ,$27.50 
Flower Cloud,$275.00 ,1,$275.00 ,$68.75 ,$27.50 
Flower Cloud,$275.00 ,1,$275.00 ,$68.75 ,$27.50 
Flower Cloud,$275.00 ,1,$275.00 ,$68.75 ,$27.50 
Flower Cloud,$275.00 ,1,$275.00 ,$68.75 ,$27.50 
Flower Cloud,$275.00 ,1,$275.00 ,$68.75 ,$27.50 
Flower Cloud,$275.00 ,1,$275.00 ,$68.75 ,$27.50 
Flower Cloud,$275.00 ,1,$275.00 ,$68.75 ,$27.50 
Flower Cloud,$275.00 ,1,$275.00 ,$68.75 ,$27.50 
Flower Cloud,$275.00 ,1,$275.00 ,$68.75 ,$27.50 
Flower Cloud,$275.00 ,1,$275.00 ,$68.75 ,$27.50 
Flower Cloud,$275.00 ,1,$275.00 ,$68.75 ,$27.50 
Flower Cloud,$275.00 ,1,$275.00 ,$68.75 ,$27.50 
Flower Cloud,$275.00 ,1,$275.00 ,$68.75 ,$27.50 
Boutonniere,$20.00 ,14,$280.00 ,$70.00 ,$56.00 
Bud Vase,$20.00 ,14,$280.00 ,$70.00 ,$56.00 
Bud Vase,$20.00 ,14,$280.00 ,$70.00 ,$56.00 
Boutonniere,$20.00 ,14,$280.00 ,$70.00 ,$56.00 
Bud Vase,$20.00 ,14,$280.00 ,$70.00 ,$56.00 
Bud Vase,$20.00 ,14,$280.00 ,$70.00 ,$56.00 
Bud Vase,$20.00 ,15,$300.00 ,$75.00 ,$60.00 
Bud Vase,$20.00 ,15,$300.00 ,$75.00 ,$60.00 
Bud Vase,$20.00 ,15,$300.00 ,$75.00 ,$60.00 
Bud Vase,$20.00 ,15,$300.00 ,$75.00 ,$60.00 
Small Arrangement,$75.00 ,4,$300.00 ,$75.00 ,$30.00 
Small Arrangement,$75.00 ,4,$300.00 ,$75.00 ,$30.00 
Small Arrangement,$75.00 ,4,$300.00 ,$75.00 ,$30.00 
Small Arrangement,$75.00 ,4,$300.00 ,$75.00 ,$30.00 
Small Arrangement,$75.00 ,4,$300.00 ,$75.00 ,$30.00 
Small Arrangement,$75.00 ,4,$300.00 ,$75.00 ,$30.00 
Bridesmaid Bouquet,$100.00 ,3,$300.00 ,$75.00 ,$30.00 
Bridesmaid Bouquet,$100.00 ,3,$300.00 ,$75.00 ,$30.00 
Medium Arrangement,$150.00 ,2,$300.00 ,$75.00 ,$30.00 
Medium Arrangement,$150.00 ,2,$300.00 ,$75.00 ,$30.00 
Medium Arrangement,$150.00 ,2,$300.00 ,$75.00 ,$30.00 
Medium Arrangement,$150.00 ,2,$300.00 ,$75.00 ,$30.00 
Medium Arrangement,$150.00 ,2,$300.00 ,$75.00 ,$30.00 
Medium Arrangement,$150.00 ,2,$300.00 ,$75.00 ,$30.00 
Medium Arrangement,$150.00 ,2,$300.00 ,$75.00 ,$30.00 
Medium Arrangement,$150.00 ,2,$300.00 ,$75.00 ,$30.00 
Medium Arrangement,$150.00 ,2,$300.00 ,$75.00 ,$30.00 
Medium Arrangement,$150.00 ,2,$300.00 ,$75.00 ,$30.00 
Medium Arrangement,$150.00 ,2,$300.00 ,$75.00 ,$30.00 
Medium Arrangement,$150.00 ,2,$300.00 ,$75.00 ,$30.00 
Medium Arrangement,$150.00 ,2,$300.00 ,$75.00 ,$30.00 
Medium Arrangement,$150.00 ,2,$300.00 ,$75.00 ,$30.00 
Medium Arrangement,$150.00 ,2,$300.00 ,$75.00 ,$30.00 
Medium Arrangement,$150.00 ,2,$300.00 ,$60.00 ,$30.00 
Bridal Bouquet,$300.00 ,1,$300.00 ,$60.00 ,$30.00 
Bridal Bouquet,$300.00 ,1,$300.00 ,$60.00 ,$30.00 
Bridal Bouquet,$300.00 ,1,$300.00 ,$60.00 ,$30.00 
Bridal Bouquet,$300.00 ,1,$300.00 ,$60.00 ,$30.00 
Bridal Bouquet,$300.00 ,1,$300.00 ,$60.00 ,$30.00 
Bridal Bouquet,$300.00 ,1,$300.00 ,$60.00 ,$30.00 
Bridal Bouquet,$300.00 ,1,$300.00 ,$60.00 ,$30.00 
Bridal Bouquet,$300.00 ,1,$300.00 ,$60.00 ,$30.00 
Bridal Bouquet,$300.00 ,1,$300.00 ,$60.00 ,$30.00 
Cake Meadow,$300.00 ,1,$300.00 ,$60.00 ,$30.00 
Cake Meadow,$300.00 ,1,$300.00 ,$60.00 ,$30.00 
Cake Meadow,$300.00 ,1,$300.00 ,$60.00 ,$30.00 
Cake Meadow,$300.00 ,1,$300.00 ,$60.00 ,$30.00 
Cake Meadow,$300.00 ,1,$300.00 ,$60.00 ,$30.00 
Cake Meadow,$300.00 ,1,$300.00 ,$60.00 ,$30.00 
Cake Meadow,$300.00 ,1,$300.00 ,$60.00 ,$30.00 
Cake Meadow,$300.00 ,1,$300.00 ,$60.00 ,$30.00 
Cake Meadow,$300.00 ,1,$300.00 ,$60.00 ,$30.00 
Cake Meadow,$300.00 ,1,$300.00 ,$60.00 ,$30.00 
Cake Meadow,$300.00 ,1,$300.00 ,$60.00 ,$30.00 
Cake Meadow,$300.00 ,1,$300.00 ,$60.00 ,$30.00 
Cascading Flowers,$300.00 ,1,$300.00 ,$60.00 ,$30.00 
Cascading Flowers,$300.00 ,1,$300.00 ,$60.00 ,$30.00 
Cascading Flowers,$300.00 ,1,$300.00 ,$60.00 ,$30.00 
Cascading Flowers,$300.00 ,1,$300.00 ,$60.00 ,$30.00 
Cascading Flowers,$300.00 ,1,$300.00 ,$60.00 ,$30.00 
Cascading Flowers,$300.00 ,1,$300.00 ,$60.00 ,$30.00 
Cascading Flowers,$300.00 ,1,$300.00 ,$60.00 ,$30.00 
Cascading Flowers,$300.00 ,1,$300.00 ,$60.00 ,$30.00 
Cascading Flowers,$300.00 ,1,$300.00 ,$60.00 ,$30.00 
Flower Cloud,$300.00 ,1,$300.00 ,$60.00 ,$30.00 
Flower Cloud,$300.00 ,1,$300.00 ,$60.00 ,$30.00 
Flower Cloud,$300.00 ,1,$300.00 ,$60.00 ,$30.00 
Flower Cloud,$300.00 ,1,$300.00 ,$60.00 ,$30.00 
Flower Cloud,$300.00 ,1,$300.00 ,$60.00 ,$30.00 
Flower Cloud,$300.00 ,1,$300.00 ,$60.00 ,$30.00 
Flower Cloud,$300.00 ,1,$300.00 ,$60.00 ,$30.00 
Flower Cloud,$300.00 ,1,$300.00 ,$60.00 ,$30.00 
Flower Cloud,$300.00 ,1,$300.00 ,$60.00 ,$30.00 
Bridal Bouquet,$300.00 ,1,$300.00 ,$60.00 ,$30.00 
Bridal Bouquet,$300.00 ,1,$300.00 ,$60.00 ,$30.00 
Bridal Bouquet,$300.00 ,1,$300.00 ,$60.00 ,$30.00 
Bridal Bouquet,$300.00 ,1,$300.00 ,$60.00 ,$30.00 
Bridal Bouquet,$300.00 ,1,$300.00 ,$60.00 ,$30.00 
Bridal Bouquet,$300.00 ,1,$300.00 ,$60.00 ,$30.00 
Bridal Bouquet,$300.00 ,1,$300.00 ,$60.00 ,$30.00 
Bridal Bouquet,$300.00 ,1,$300.00 ,$60.00 ,$30.00 
Bridal Bouquet,$300.00 ,1,$300.00 ,$60.00 ,$30.00 
Cake Meadow,$300.00 ,1,$300.00 ,$60.00 ,$30.00 
Cake Meadow,$300.00 ,1,$300.00 ,$60.00 ,$30.00 
Cake Meadow,$300.00 ,1,$300.00 ,$60.00 ,$30.00 
Cake Meadow,$300.00 ,1,$300.00 ,$60.00 ,$30.00 
Cake Meadow,$300.00 ,1,$300.00 ,$60.00 ,$30.00 
Cake Meadow,$300.00 ,1,$300.00 ,$60.00 ,$30.00 
Cake Meadow,$300.00 ,1,$300.00 ,$60.00 ,$30.00 
Cake Meadow,$300.00 ,1,$300.00 ,$60.00 ,$30.00 
Cake Meadow,$300.00 ,1,$300.00 ,$60.00 ,$30.00 
Cake Meadow,$300.00 ,1,$300.00 ,$60.00 ,$30.00 
Cake Meadow,$300.00 ,1,$300.00 ,$60.00 ,$30.00 
Cake Meadow,$300.00 ,1,$300.00 ,$60.00 ,$30.00 
Cascading Flowers,$300.00 ,1,$300.00 ,$60.00 ,$30.00 
Cascading Flowers,$300.00 ,1,$300.00 ,$60.00 ,$30.00 
Cascading Flowers,$300.00 ,1,$300.00 ,$60.00 ,$30.00 
Cascading Flowers,$300.00 ,1,$300.00 ,$60.00 ,$30.00 
Cascading Flowers,$300.00 ,1,$300.00 ,$60.00 ,$30.00 
Cascading Flowers,$300.00 ,1,$300.00 ,$60.00 ,$30.00 
Cascading Flowers,$300.00 ,1,$300.00 ,$60.00 ,$30.00 
Cascading Flowers,$300.00 ,1,$300.00 ,$60.00 ,$30.00 
Cascading Flowers,$300.00 ,1,$300.00 ,$60.00 ,$30.00 
Flower Cloud,$300.00 ,1,$300.00 ,$60.00 ,$30.00 
Flower Cloud,$300.00 ,1,$300.00 ,$60.00 ,$30.00 
Flower Cloud,$300.00 ,1,$300.00 ,$60.00 ,$30.00 
Flower Cloud,$300.00 ,1,$300.00 ,$60.00 ,$30.00 
Flower Cloud,$300.00 ,1,$300.00 ,$60.00 ,$30.00 
Flower Cloud,$300.00 ,1,$300.00 ,$60.00 ,$30.00 
Flower Cloud,$300.00 ,1,$300.00 ,$60.00 ,$30.00 
Flower Cloud,$300.00 ,1,$300.00 ,$60.00 ,$30.00 
Flower Cloud,$300.00 ,1,$300.00 ,$60.00 ,$30.00 
Flower Cloud,$325.00 ,1,$325.00 ,$65.00 ,$32.50 
Flower Cloud,$325.00 ,1,$325.00 ,$65.00 ,$32.50 
Flower Cloud,$325.00 ,1,$325.00 ,$65.00 ,$32.50 
Flower Cloud,$325.00 ,1,$325.00 ,$65.00 ,$32.50 
Flower Cloud,$325.00 ,1,$325.00 ,$65.00 ,$32.50 
Flower Cloud,$325.00 ,1,$325.00 ,$65.00 ,$32.50 
Flower Cloud,$325.00 ,1,$325.00 ,$65.00 ,$32.50 
Flower Cloud,$325.00 ,1,$325.00 ,$65.00 ,$32.50 
Flower Cloud,$325.00 ,1,$325.00 ,$65.00 ,$32.50 
Flower Cloud,$325.00 ,1,$325.00 ,$65.00 ,$32.50 
Boutonniere,$30.00 ,11,$330.00 ,$66.00 ,$66.00 
Boutonniere,$30.00 ,11,$330.00 ,$66.00 ,$66.00 
Small Arrangement,$55.00 ,6,$330.00 ,$66.00 ,$49.50 
Small Arrangement,$55.00 ,6,$330.00 ,$66.00 ,$49.50 
Bridesmaid Bouquet,$110.00 ,3,$330.00 ,$66.00 ,$33.00 
Bridesmaid Bouquet,$110.00 ,3,$330.00 ,$66.00 ,$33.00 
Large Arrangement,$335.00 ,1,$335.00 ,$67.00 ,$33.50 
Large Arrangement,$335.00 ,1,$335.00 ,$67.00 ,$33.50 
Large Arrangement,$335.00 ,1,$335.00 ,$67.00 ,$33.50 
Large Arrangement,$335.00 ,1,$335.00 ,$67.00 ,$33.50 
Large Arrangement,$335.00 ,1,$335.00 ,$67.00 ,$33.50 
Large Arrangement,$335.00 ,1,$335.00 ,$67.00 ,$33.50 
Boutonniere,$25.00 ,14,$350.00 ,$70.00 ,$70.00 
Boutonniere,$25.00 ,14,$350.00 ,$70.00 ,$70.00 
Boutonniere,$25.00 ,14,$350.00 ,$70.00 ,$70.00 
Boutonniere,$25.00 ,14,$350.00 ,$70.00 ,$70.00 
Boutonniere,$25.00 ,14,$350.00 ,$70.00 ,$70.00 
Boutonniere,$25.00 ,14,$350.00 ,$70.00 ,$70.00 
Boutonniere,$25.00 ,14,$350.00 ,$70.00 ,$70.00 
Boutonniere,$25.00 ,14,$350.00 ,$70.00 ,$70.00 
Boutonniere,$25.00 ,14,$350.00 ,$70.00 ,$70.00 
Boutonniere,$25.00 ,14,$350.00 ,$70.00 ,$70.00 
Boutonniere,$25.00 ,14,$350.00 ,$70.00 ,$70.00 
Boutonniere,$25.00 ,14,$350.00 ,$70.00 ,$70.00 
Flower Cloud,$175.00 ,2,$350.00 ,$70.00 ,$35.00 
Flower Cloud,$175.00 ,2,$350.00 ,$70.00 ,$35.00 
Flower Cloud,$175.00 ,2,$350.00 ,$70.00 ,$35.00 
Flower Cloud,$175.00 ,2,$350.00 ,$70.00 ,$35.00 
Medium Arrangement,$175.00 ,2,$350.00 ,$70.00 ,$35.00 
Medium Arrangement,$175.00 ,2,$350.00 ,$70.00 ,$35.00 
Medium Arrangement,$175.00 ,2,$350.00 ,$70.00 ,$35.00 
Medium Arrangement,$175.00 ,2,$350.00 ,$70.00 ,$35.00 
Flower Cloud,$175.00 ,2,$350.00 ,$70.00 ,$35.00 
Flower Cloud,$175.00 ,2,$350.00 ,$70.00 ,$35.00 
Flower Cloud,$175.00 ,2,$350.00 ,$70.00 ,$35.00 
Flower Cloud,$175.00 ,2,$350.00 ,$70.00 ,$35.00 
Medium Arrangement,$175.00 ,2,$350.00 ,$70.00 ,$35.00 
Medium Arrangement,$175.00 ,2,$350.00 ,$70.00 ,$35.00 
Medium Arrangement,$175.00 ,2,$350.00 ,$70.00 ,$35.00 
Medium Arrangement,$175.00 ,2,$350.00 ,$70.00 ,$35.00 
Bridal Bouquet,$350.00 ,1,$350.00 ,$70.00 ,$35.00 
Bridal Bouquet,$350.00 ,1,$350.00 ,$70.00 ,$35.00 
Bridal Bouquet,$350.00 ,1,$350.00 ,$70.00 ,$35.00 
Bridal Bouquet,$350.00 ,1,$350.00 ,$70.00 ,$35.00 
Bridal Bouquet,$350.00 ,1,$350.00 ,$70.00 ,$35.00 
Bridal Bouquet,$350.00 ,1,$350.00 ,$70.00 ,$35.00 
Cascading Flowers,$350.00 ,1,$350.00 ,$70.00 ,$35.00 
Cascading Flowers,$350.00 ,1,$350.00 ,$70.00 ,$35.00 
Cascading Flowers,$350.00 ,1,$350.00 ,$70.00 ,$35.00 
Cascading Flowers,$350.00 ,1,$350.00 ,$70.00 ,$35.00 
Cascading Flowers,$350.00 ,1,$350.00 ,$70.00 ,$35.00 
Cascading Flowers,$350.00 ,1,$350.00 ,$70.00 ,$35.00 
Cascading Flowers,$350.00 ,1,$350.00 ,$70.00 ,$35.00 
Flower Cloud,$350.00 ,1,$350.00 ,$70.00 ,$35.00 
Flower Cloud,$350.00 ,1,$350.00 ,$70.00 ,$35.00 
Flower Cloud,$350.00 ,1,$350.00 ,$70.00 ,$35.00 
Flower Cloud,$350.00 ,1,$350.00 ,$70.00 ,$35.00 
Flower Cloud,$350.00 ,1,$350.00 ,$70.00 ,$35.00 
Flower Cloud,$350.00 ,1,$350.00 ,$70.00 ,$35.00 
Flower Cloud,$350.00 ,1,$350.00 ,$70.00 ,$35.00 
Flower Cloud,$350.00 ,1,$350.00 ,$70.00 ,$35.00 
Flower Cloud,$350.00 ,1,$350.00 ,$70.00 ,$35.00 
Flower Cloud,$350.00 ,1,$350.00 ,$70.00 ,$35.00 
Flower Cloud,$350.00 ,1,$350.00 ,$70.00 ,$35.00 
Flower Cloud,$350.00 ,1,$350.00 ,$70.00 ,$35.00 
Flower Cloud,$350.00 ,1,$350.00 ,$70.00 ,$35.00 
Flower Cloud,$350.00 ,1,$350.00 ,$70.00 ,$35.00 
Flower Cloud,$350.00 ,1,$350.00 ,$70.00 ,$35.00 
Flower Cloud,$350.00 ,1,$350.00 ,$70.00 ,$35.00 
Flower Cloud,$350.00 ,1,$350.00 ,$70.00 ,$35.00 
Flower Cloud,$350.00 ,1,$350.00 ,$70.00 ,$35.00 
Flower Cloud,$350.00 ,1,$350.00 ,$70.00 ,$35.00 
Large Arrangement,$350.00 ,1,$350.00 ,$70.00 ,$35.00 
Bridal Bouquet,$350.00 ,1,$350.00 ,$70.00 ,$35.00 
Bridal Bouquet,$350.00 ,1,$350.00 ,$70.00 ,$35.00 
Bridal Bouquet,$350.00 ,1,$350.00 ,$70.00 ,$35.00 
Bridal Bouquet,$350.00 ,1,$350.00 ,$70.00 ,$35.00 
Bridal Bouquet,$350.00 ,1,$350.00 ,$70.00 ,$35.00 
Bridal Bouquet,$350.00 ,1,$350.00 ,$70.00 ,$35.00 
Cascading Flowers,$350.00 ,1,$350.00 ,$70.00 ,$35.00 
Cascading Flowers,$350.00 ,1,$350.00 ,$70.00 ,$35.00 
Cascading Flowers,$350.00 ,1,$350.00 ,$70.00 ,$35.00 
Cascading Flowers,$350.00 ,1,$350.00 ,$70.00 ,$35.00 
Cascading Flowers,$350.00 ,1,$350.00 ,$70.00 ,$35.00 
Cascading Flowers,$350.00 ,1,$350.00 ,$70.00 ,$35.00 
Cascading Flowers,$350.00 ,1,$350.00 ,$70.00 ,$35.00 
Flower Cloud,$350.00 ,1,$350.00 ,$70.00 ,$35.00 
Flower Cloud,$350.00 ,1,$350.00 ,$70.00 ,$35.00 
Flower Cloud,$350.00 ,1,$350.00 ,$70.00 ,$35.00 
Flower Cloud,$350.00 ,1,$350.00 ,$70.00 ,$35.00 
Flower Cloud,$350.00 ,1,$350.00 ,$70.00 ,$35.00 
Flower Cloud,$350.00 ,1,$350.00 ,$70.00 ,$35.00 
Flower Cloud,$350.00 ,1,$350.00 ,$70.00 ,$35.00 
Flower Cloud,$350.00 ,1,$350.00 ,$70.00 ,$35.00 
Flower Cloud,$350.00 ,1,$350.00 ,$70.00 ,$35.00 
Flower Cloud,$350.00 ,1,$350.00 ,$70.00 ,$35.00 
Flower Cloud,$350.00 ,1,$350.00 ,$70.00 ,$35.00 
Flower Cloud,$350.00 ,1,$350.00 ,$70.00 ,$35.00 
Flower Cloud,$350.00 ,1,$350.00 ,$70.00 ,$35.00 
Flower Cloud,$350.00 ,1,$350.00 ,$70.00 ,$35.00 
Flower Cloud,$350.00 ,1,$350.00 ,$70.00 ,$35.00 
Flower Cloud,$350.00 ,1,$350.00 ,$70.00 ,$35.00 
Flower Cloud,$350.00 ,1,$350.00 ,$70.00 ,$35.00 
Flower Cloud,$350.00 ,1,$350.00 ,$70.00 ,$35.00 
Flower Cloud,$350.00 ,1,$350.00 ,$70.00 ,$35.00 
Large Arrangement,$350.00 ,1,$350.00 ,$70.00 ,$35.00 
Boutonniere,$30.00 ,12,$360.00 ,$72.00 ,$72.00 
Boutonniere,$30.00 ,12,$360.00 ,$72.00 ,$72.00 
Boutonniere,$30.00 ,12,$360.00 ,$72.00 ,$72.00 
Boutonniere,$30.00 ,12,$360.00 ,$72.00 ,$72.00 
Boutonniere,$30.00 ,12,$360.00 ,$72.00 ,$72.00 
Boutonniere,$30.00 ,12,$360.00 ,$72.00 ,$72.00 
Boutonniere,$30.00 ,12,$360.00 ,$72.00 ,$72.00 
Boutonniere,$30.00 ,12,$360.00 ,$72.00 ,$72.00 
Boutonniere,$30.00 ,12,$360.00 ,$72.00 ,$72.00 
Boutonniere,$30.00 ,12,$360.00 ,$72.00 ,$72.00 
Boutonniere,$30.00 ,12,$360.00 ,$72.00 ,$72.00 
Boutonniere,$30.00 ,12,$360.00 ,$72.00 ,$72.00 
Boutonniere,$30.00 ,12,$360.00 ,$72.00 ,$72.00 
Boutonniere,$30.00 ,12,$360.00 ,$72.00 ,$72.00 
Bridesmaid Bouquet,$90.00 ,4,$360.00 ,$72.00 ,$36.00 
Bridesmaid Bouquet,$90.00 ,4,$360.00 ,$72.00 ,$36.00 
Boutonniere,$25.00 ,15,$375.00 ,$75.00 ,$75.00 
Boutonniere,$25.00 ,15,$375.00 ,$75.00 ,$75.00 
Small Arrangement,$75.00 ,5,$375.00 ,$75.00 ,$37.50 
Small Arrangement,$75.00 ,5,$375.00 ,$75.00 ,$37.50 
Small Arrangement,$75.00 ,5,$375.00 ,$75.00 ,$37.50 
Small Arrangement,$75.00 ,5,$375.00 ,$75.00 ,$37.50 
Medium Arrangement,$125.00 ,3,$375.00 ,$75.00 ,$37.50 
Medium Arrangement,$125.00 ,3,$375.00 ,$75.00 ,$37.50 
Medium Arrangement,$125.00 ,3,$375.00 ,$75.00 ,$37.50 
Medium Arrangement,$125.00 ,3,$375.00 ,$75.00 ,$37.50 
Medium Arrangement,$125.00 ,3,$375.00 ,$75.00 ,$37.50 
Medium Arrangement,$125.00 ,3,$375.00 ,$75.00 ,$37.50 
Medium Arrangement,$125.00 ,3,$375.00 ,$75.00 ,$37.50 
Medium Arrangement,$125.00 ,3,$375.00 ,$75.00 ,$37.50 
Medium Arrangement,$125.00 ,3,$375.00 ,$75.00 ,$37.50 
Medium Arrangement,$125.00 ,3,$375.00 ,$75.00 ,$37.50 
Flower Cloud,$375.00 ,1,$375.00 ,$75.00 ,$37.50 
Flower Cloud,$375.00 ,1,$375.00 ,$75.00 ,$37.50 
Flower Cloud,$375.00 ,1,$375.00 ,$75.00 ,$37.50 
Flower Cloud,$375.00 ,1,$375.00 ,$75.00 ,$37.50 
Flower Cloud,$375.00 ,1,$375.00 ,$75.00 ,$37.50 
Flower Cloud,$375.00 ,1,$375.00 ,$75.00 ,$37.50 
Flower Cloud,$375.00 ,1,$375.00 ,$75.00 ,$37.50 
Flower Cloud,$375.00 ,1,$375.00 ,$75.00 ,$37.50 
Flower Cloud,$375.00 ,1,$375.00 ,$75.00 ,$37.50 
Flower Cloud,$375.00 ,1,$375.00 ,$75.00 ,$37.50 
Small Arrangement,$55.00 ,7,$385.00 ,$77.00 ,$57.75 
Small Arrangement,$55.00 ,7,$385.00 ,$77.00 ,$57.75 
Small Arrangement,$55.00 ,7,$385.00 ,$77.00 ,$57.75 
Small Arrangement,$55.00 ,7,$385.00 ,$77.00 ,$57.75 
Bridesmaid Bouquet,$50.00 ,8,$400.00 ,$80.00 ,$60.00 
Bridesmaid Bouquet,$50.00 ,8,$400.00 ,$80.00 ,$60.00 
Bridesmaid Bouquet,$80.00 ,5,$400.00 ,$80.00 ,$40.00 
Bridesmaid Bouquet,$80.00 ,5,$400.00 ,$80.00 ,$40.00 
Bridesmaid Bouquet,$100.00 ,4,$400.00 ,$80.00 ,$40.00 
Bridesmaid Bouquet,$100.00 ,4,$400.00 ,$80.00 ,$40.00 
Cake Meadow,$200.00 ,2,$400.00 ,$80.00 ,$40.00 
Flower Cloud,$200.00 ,2,$400.00 ,$80.00 ,$40.00 
Flower Cloud,$200.00 ,2,$400.00 ,$80.00 ,$40.00 
Flower Cloud,$200.00 ,2,$400.00 ,$80.00 ,$40.00 
Flower Cloud,$200.00 ,2,$400.00 ,$80.00 ,$40.00 
Flower Cloud,$200.00 ,2,$400.00 ,$80.00 ,$40.00 
Flower Cloud,$200.00 ,2,$400.00 ,$80.00 ,$40.00 
Large Arrangement,$200.00 ,2,$400.00 ,$80.00 ,$40.00 
Large Arrangement,$200.00 ,2,$400.00 ,$80.00 ,$40.00 
Cake Meadow,$200.00 ,2,$400.00 ,$80.00 ,$40.00 
Flower Cloud,$200.00 ,2,$400.00 ,$80.00 ,$40.00 
Flower Cloud,$200.00 ,2,$400.00 ,$80.00 ,$40.00 
Flower Cloud,$200.00 ,2,$400.00 ,$80.00 ,$40.00 
Flower Cloud,$200.00 ,2,$400.00 ,$80.00 ,$40.00 
Flower Cloud,$200.00 ,2,$400.00 ,$80.00 ,$40.00 
Flower Cloud,$200.00 ,2,$400.00 ,$80.00 ,$40.00 
Large Arrangement,$200.00 ,2,$400.00 ,$80.00 ,$40.00 
Large Arrangement,$200.00 ,2,$400.00 ,$80.00 ,$40.00 
Cascading Flowers,$400.00 ,1,$400.00 ,$80.00 ,$40.00 
Cascading Flowers,$400.00 ,1,$400.00 ,$80.00 ,$40.00 
Cascading Flowers,$400.00 ,1,$400.00 ,$80.00 ,$40.00 
Cascading Flowers,$400.00 ,1,$400.00 ,$80.00 ,$40.00 
Cascading Flowers,$400.00 ,1,$400.00 ,$80.00 ,$40.00 
Cascading Flowers,$400.00 ,1,$400.00 ,$80.00 ,$40.00 
Cascading Flowers,$400.00 ,1,$400.00 ,$80.00 ,$40.00 
Cascading Flowers,$400.00 ,1,$400.00 ,$80.00 ,$40.00 
Cascading Flowers,$400.00 ,1,$400.00 ,$80.00 ,$40.00 
Cascading Flowers,$400.00 ,1,$400.00 ,$80.00 ,$40.00 
Cascading Flowers,$400.00 ,1,$400.00 ,$80.00 ,$40.00 
Flower Cloud,$400.00 ,1,$400.00 ,$80.00 ,$40.00 
Flower Cloud,$400.00 ,1,$400.00 ,$80.00 ,$40.00 
Flower Cloud,$400.00 ,1,$400.00 ,$80.00 ,$40.00 
Flower Cloud,$400.00 ,1,$400.00 ,$80.00 ,$40.00 
Flower Cloud,$400.00 ,1,$400.00 ,$80.00 ,$40.00 
Flower Cloud,$400.00 ,1,$400.00 ,$80.00 ,$40.00 
Flower Cloud,$400.00 ,1,$400.00 ,$80.00 ,$40.00 
Flower Cloud,$400.00 ,1,$400.00 ,$80.00 ,$40.00 
Flower Cloud,$400.00 ,1,$400.00 ,$80.00 ,$40.00 
Flower Cloud,$400.00 ,1,$400.00 ,$80.00 ,$40.00 
Flower Cloud,$400.00 ,1,$400.00 ,$80.00 ,$40.00 
Flower Cloud,$400.00 ,1,$400.00 ,$80.00 ,$40.00 
Flower Cloud,$400.00 ,1,$400.00 ,$80.00 ,$40.00 
Flower Cloud,$400.00 ,1,$400.00 ,$80.00 ,$40.00 
Flower Cloud,$400.00 ,1,$400.00 ,$80.00 ,$40.00 
Flower Cloud,$400.00 ,1,$400.00 ,$80.00 ,$40.00 
Flower Cloud,$400.00 ,1,$400.00 ,$80.00 ,$40.00 
Flower Cloud,$400.00 ,1,$400.00 ,$80.00 ,$40.00 
Flower Cloud,$400.00 ,1,$400.00 ,$80.00 ,$40.00 
Flower Cloud,$400.00 ,1,$400.00 ,$80.00 ,$40.00 
Flower Cloud,$400.00 ,1,$400.00 ,$80.00 ,$40.00 
Flower Cloud,$400.00 ,1,$400.00 ,$80.00 ,$40.00 
Cascading Flowers,$400.00 ,1,$400.00 ,$80.00 ,$40.00 
Cascading Flowers,$400.00 ,1,$400.00 ,$80.00 ,$40.00 
Cascading Flowers,$400.00 ,1,$400.00 ,$80.00 ,$40.00 
Cascading Flowers,$400.00 ,1,$400.00 ,$80.00 ,$40.00 
Cascading Flowers,$400.00 ,1,$400.00 ,$80.00 ,$40.00 
Cascading Flowers,$400.00 ,1,$400.00 ,$80.00 ,$40.00 
Cascading Flowers,$400.00 ,1,$400.00 ,$80.00 ,$40.00 
Cascading Flowers,$400.00 ,1,$400.00 ,$80.00 ,$40.00 
Cascading Flowers,$400.00 ,1,$400.00 ,$80.00 ,$40.00 
Cascading Flowers,$400.00 ,1,$400.00 ,$80.00 ,$40.00 
Cascading Flowers,$400.00 ,1,$400.00 ,$80.00 ,$40.00 
Flower Cloud,$400.00 ,1,$400.00 ,$80.00 ,$40.00 
Flower Cloud,$400.00 ,1,$400.00 ,$80.00 ,$40.00 
Flower Cloud,$400.00 ,1,$400.00 ,$80.00 ,$40.00 
Flower Cloud,$400.00 ,1,$400.00 ,$80.00 ,$40.00 
Flower Cloud,$400.00 ,1,$400.00 ,$80.00 ,$40.00 
Flower Cloud,$400.00 ,1,$400.00 ,$80.00 ,$40.00 
Flower Cloud,$400.00 ,1,$400.00 ,$80.00 ,$40.00 
Flower Cloud,$400.00 ,1,$400.00 ,$80.00 ,$40.00 
Flower Cloud,$400.00 ,1,$400.00 ,$80.00 ,$40.00 
Flower Cloud,$400.00 ,1,$400.00 ,$80.00 ,$40.00 
Flower Cloud,$400.00 ,1,$400.00 ,$80.00 ,$40.00 
Flower Cloud,$400.00 ,1,$400.00 ,$80.00 ,$40.00 
Flower Cloud,$400.00 ,1,$400.00 ,$80.00 ,$40.00 
Flower Cloud,$400.00 ,1,$400.00 ,$80.00 ,$40.00 
Flower Cloud,$400.00 ,1,$400.00 ,$80.00 ,$40.00 
Flower Cloud,$400.00 ,1,$400.00 ,$80.00 ,$40.00 
Flower Cloud,$400.00 ,1,$400.00 ,$80.00 ,$40.00 
Flower Cloud,$400.00 ,1,$400.00 ,$80.00 ,$40.00 
Flower Cloud,$400.00 ,1,$400.00 ,$80.00 ,$40.00 
Flower Cloud,$400.00 ,1,$400.00 ,$80.00 ,$40.00 
Flower Cloud,$400.00 ,1,$400.00 ,$80.00 ,$40.00 
Flower Cloud,$400.00 ,1,$400.00 ,$80.00 ,$40.00 
Bridesmaid Bouquet,$60.00 ,7,$420.00 ,$84.00 ,$63.00 
Bridesmaid Bouquet,$60.00 ,7,$420.00 ,$84.00 ,$63.00 
Bridesmaid Bouquet,$70.00 ,6,$420.00 ,$84.00 ,$63.00 
Bridesmaid Bouquet,$70.00 ,6,$420.00 ,$84.00 ,$63.00 
Small Arrangement,$55.00 ,8,$440.00 ,$88.00 ,$66.00 
Small Arrangement,$55.00 ,8,$440.00 ,$88.00 ,$66.00 
Bridesmaid Bouquet,$110.00 ,4,$440.00 ,$88.00 ,$44.00 
Bridesmaid Bouquet,$110.00 ,4,$440.00 ,$88.00 ,$44.00 
Boutonniere,$30.00 ,15,$450.00 ,$90.00 ,$90.00 
Boutonniere,$30.00 ,15,$450.00 ,$90.00 ,$90.00 
Boutonniere,$30.00 ,15,$450.00 ,$90.00 ,$90.00 
Boutonniere,$30.00 ,15,$450.00 ,$90.00 ,$90.00 
Boutonniere,$30.00 ,15,$450.00 ,$90.00 ,$90.00 
Boutonniere,$30.00 ,15,$450.00 ,$90.00 ,$90.00 
Boutonniere,$30.00 ,15,$450.00 ,$90.00 ,$90.00 
Boutonniere,$30.00 ,15,$450.00 ,$90.00 ,$90.00 
Boutonniere,$30.00 ,15,$450.00 ,$90.00 ,$90.00 
Boutonniere,$30.00 ,15,$450.00 ,$90.00 ,$90.00 
Boutonniere,$30.00 ,15,$450.00 ,$90.00 ,$90.00 
Boutonniere,$30.00 ,15,$450.00 ,$90.00 ,$90.00 
Bridesmaid Bouquet,$50.00 ,9,$450.00 ,$90.00 ,$67.50 
Bridesmaid Bouquet,$50.00 ,9,$450.00 ,$90.00 ,$67.50 
Small Arrangement,$75.00 ,6,$450.00 ,$90.00 ,$67.50 
Small Arrangement,$75.00 ,6,$450.00 ,$90.00 ,$67.50 
Small Arrangement,$75.00 ,6,$450.00 ,$90.00 ,$67.50 
Small Arrangement,$75.00 ,6,$450.00 ,$90.00 ,$67.50 
Bridesmaid Bouquet,$90.00 ,5,$450.00 ,$90.00 ,$45.00 
Bridesmaid Bouquet,$90.00 ,5,$450.00 ,$90.00 ,$45.00 
Medium Arrangement,$150.00 ,3,$450.00 ,$90.00 ,$45.00 
Medium Arrangement,$150.00 ,3,$450.00 ,$90.00 ,$45.00 
Medium Arrangement,$150.00 ,3,$450.00 ,$90.00 ,$45.00 
Medium Arrangement,$150.00 ,3,$450.00 ,$90.00 ,$45.00 
Medium Arrangement,$150.00 ,3,$450.00 ,$90.00 ,$45.00 
Medium Arrangement,$150.00 ,3,$450.00 ,$90.00 ,$45.00 
Medium Arrangement,$150.00 ,3,$450.00 ,$90.00 ,$45.00 
Medium Arrangement,$150.00 ,3,$450.00 ,$90.00 ,$45.00 
Medium Arrangement,$150.00 ,3,$450.00 ,$90.00 ,$45.00 
Medium Arrangement,$150.00 ,3,$450.00 ,$90.00 ,$45.00 
Medium Arrangement,$150.00 ,3,$450.00 ,$90.00 ,$45.00 
Medium Arrangement,$150.00 ,3,$450.00 ,$90.00 ,$45.00 
Flower Cloud,$225.00 ,2,$450.00 ,$90.00 ,$45.00 
Flower Cloud,$225.00 ,2,$450.00 ,$90.00 ,$45.00 
Flower Cloud,$225.00 ,2,$450.00 ,$90.00 ,$45.00 
Flower Cloud,$225.00 ,2,$450.00 ,$90.00 ,$45.00 
Cascading Flowers,$450.00 ,1,$450.00 ,$90.00 ,$45.00 
Cascading Flowers,$450.00 ,1,$450.00 ,$90.00 ,$45.00 
Cascading Flowers,$450.00 ,1,$450.00 ,$90.00 ,$45.00 
Cascading Flowers,$450.00 ,1,$450.00 ,$90.00 ,$45.00 
Cascading Flowers,$450.00 ,1,$450.00 ,$90.00 ,$45.00 
Cascading Flowers,$450.00 ,1,$450.00 ,$90.00 ,$45.00 
Cascading Flowers,$450.00 ,1,$450.00 ,$90.00 ,$45.00 
Cascading Flowers,$450.00 ,1,$450.00 ,$90.00 ,$45.00 
Cascading Flowers,$450.00 ,1,$450.00 ,$90.00 ,$45.00 
Cascading Flowers,$450.00 ,1,$450.00 ,$90.00 ,$45.00 
Cascading Flowers,$450.00 ,1,$450.00 ,$90.00 ,$45.00 
Cascading Flowers,$450.00 ,1,$450.00 ,$90.00 ,$45.00 
Cascading Flowers,$450.00 ,1,$450.00 ,$90.00 ,$45.00 
Cascading Flowers,$450.00 ,1,$450.00 ,$90.00 ,$45.00 
Bridesmaid Bouquet,$60.00 ,8,$480.00 ,$96.00 ,$72.00 
Bridesmaid Bouquet,$60.00 ,8,$480.00 ,$96.00 ,$72.00 
Bridesmaid Bouquet,$80.00 ,6,$480.00 ,$96.00 ,$72.00 
Bridesmaid Bouquet,$80.00 ,6,$480.00 ,$96.00 ,$72.00 
Bridesmaid Bouquet,$70.00 ,7,$490.00 ,$98.00 ,$73.50 
Bridesmaid Bouquet,$70.00 ,7,$490.00 ,$98.00 ,$73.50 
Small Arrangement,$55.00 ,9,$495.00 ,$99.00 ,$74.25 
Small Arrangement,$55.00 ,9,$495.00 ,$99.00 ,$74.25 
Small Arrangement,$55.00 ,9,$495.00 ,$99.00 ,$74.25 
Small Arrangement,$55.00 ,9,$495.00 ,$99.00 ,$74.25 
Bridesmaid Bouquet,$50.00 ,10,$500.00 ,$100.00 ,$100.00 
Bridesmaid Bouquet,$50.00 ,10,$500.00 ,$100.00 ,$100.00 
Bridesmaid Bouquet,$100.00 ,5,$500.00 ,$100.00 ,$50.00 
Bridesmaid Bouquet,$100.00 ,5,$500.00 ,$100.00 ,$50.00 
Medium Arrangement,$125.00 ,4,$500.00 ,$100.00 ,$50.00 
Medium Arrangement,$125.00 ,4,$500.00 ,$100.00 ,$50.00 
Medium Arrangement,$125.00 ,4,$500.00 ,$100.00 ,$50.00 
Medium Arrangement,$125.00 ,4,$500.00 ,$100.00 ,$50.00 
Medium Arrangement,$125.00 ,4,$500.00 ,$100.00 ,$50.00 
Medium Arrangement,$125.00 ,4,$500.00 ,$100.00 ,$50.00 
Cake Meadow,$250.00 ,2,$500.00 ,$100.00 ,$50.00 
Flower Cloud,$250.00 ,2,$500.00 ,$100.00 ,$50.00 
Flower Cloud,$250.00 ,2,$500.00 ,$100.00 ,$50.00 
Flower Cloud,$250.00 ,2,$500.00 ,$100.00 ,$50.00 
Cake Meadow,$250.00 ,2,$500.00 ,$100.00 ,$50.00 
Flower Cloud,$250.00 ,2,$500.00 ,$100.00 ,$50.00 
Flower Cloud,$250.00 ,2,$500.00 ,$100.00 ,$50.00 
Flower Cloud,$250.00 ,2,$500.00 ,$100.00 ,$50.00 
Cascading Flowers,$500.00 ,1,$500.00 ,$100.00 ,$50.00 
Cascading Flowers,$500.00 ,1,$500.00 ,$100.00 ,$50.00 
Cascading Flowers,$500.00 ,1,$500.00 ,$100.00 ,$50.00 
Cascading Flowers,$500.00 ,1,$500.00 ,$100.00 ,$50.00 
Cascading Flowers,$500.00 ,1,$500.00 ,$100.00 ,$50.00 
Cascading Flowers,$500.00 ,1,$500.00 ,$100.00 ,$50.00 
Cascading Flowers,$500.00 ,1,$500.00 ,$100.00 ,$50.00 
Cascading Flowers,$500.00 ,1,$500.00 ,$100.00 ,$50.00 
Cascading Flowers,$500.00 ,1,$500.00 ,$100.00 ,$50.00 
Flower Arch,$500.00 ,1,$500.00 ,$100.00 ,$50.00 
Flower Arch,$500.00 ,1,$500.00 ,$100.00 ,$50.00 
Flower Arch,$500.00 ,1,$500.00 ,$100.00 ,$50.00 
Flower Ground Meadow,$500.00 ,1,$500.00 ,$100.00 ,$50.00 
Flower Ground Meadow,$500.00 ,1,$500.00 ,$100.00 ,$50.00 
Flower Ground Meadow,$500.00 ,1,$500.00 ,$100.00 ,$50.00 
Flower Ground Meadow,$500.00 ,1,$500.00 ,$100.00 ,$50.00 
Flower Ground Meadow,$500.00 ,1,$500.00 ,$100.00 ,$50.00 
Flower Ground Meadow,$500.00 ,1,$500.00 ,$100.00 ,$50.00 
Flower Ground Meadow,$500.00 ,1,$500.00 ,$100.00 ,$50.00 
Flower Ground Meadow,$500.00 ,1,$500.00 ,$100.00 ,$50.00 
Flower Ground Meadow,$500.00 ,1,$500.00 ,$100.00 ,$50.00 
Flower Ground Meadow,$500.00 ,1,$500.00 ,$100.00 ,$50.00 
Flower Ground Meadow,$500.00 ,1,$500.00 ,$100.00 ,$50.00 
Flower Ground Meadow,$500.00 ,1,$500.00 ,$100.00 ,$50.00 
Flower Ground Meadow,$500.00 ,1,$500.00 ,$100.00 ,$50.00 
Flower Ground Meadow,$500.00 ,1,$500.00 ,$100.00 ,$50.00 
Flower Ground Meadow,$500.00 ,1,$500.00 ,$100.00 ,$50.00 
Flower Ground Meadow,$500.00 ,1,$500.00 ,$100.00 ,$50.00 
Flower Ground Meadow,$500.00 ,1,$500.00 ,$100.00 ,$50.00 
Flower Ground Meadow,$500.00 ,1,$500.00 ,$100.00 ,$50.00 
Flower Ground Meadow,$500.00 ,1,$500.00 ,$100.00 ,$50.00 
Flower Ground Meadow,$500.00 ,1,$500.00 ,$100.00 ,$50.00 
Flower Ground Meadow,$500.00 ,1,$500.00 ,$100.00 ,$50.00 
Flower Ground Meadow,$500.00 ,1,$500.00 ,$100.00 ,$50.00 
Flower Ground Meadow,$500.00 ,1,$500.00 ,$100.00 ,$50.00 
Flower Ground Meadow,$500.00 ,1,$500.00 ,$100.00 ,$50.00 
Flower Ground Meadow,$500.00 ,1,$500.00 ,$100.00 ,$50.00 
Flower Ground Meadow,$500.00 ,1,$500.00 ,$100.00 ,$50.00 
Flower Ground Meadow,$500.00 ,1,$500.00 ,$100.00 ,$50.00 
Flower Ground Meadow,$500.00 ,1,$500.00 ,$100.00 ,$50.00 
Flower Ground Meadow,$500.00 ,1,$500.00 ,$100.00 ,$50.00 
Flower Ground Meadow,$500.00 ,1,$500.00 ,$100.00 ,$50.00 
Flower Ground Meadow,$500.00 ,1,$500.00 ,$100.00 ,$50.00 
Flower Ground Meadow,$500.00 ,1,$500.00 ,$100.00 ,$50.00 
Flower Ground Meadow,$500.00 ,1,$500.00 ,$100.00 ,$50.00 
Flower Ground Meadow,$500.00 ,1,$500.00 ,$100.00 ,$50.00 
Flower Ground Meadow,$500.00 ,1,$500.00 ,$100.00 ,$50.00 
Flower Ground Meadow,$500.00 ,1,$500.00 ,$100.00 ,$50.00 
Flower Ground Meadow,$500.00 ,1,$500.00 ,$100.00 ,$50.00 
Flower Ground Meadow,$500.00 ,1,$500.00 ,$100.00 ,$50.00 
Flower Ground Meadow,$500.00 ,1,$500.00 ,$100.00 ,$50.00 
Flower Ground Meadow,$500.00 ,1,$500.00 ,$100.00 ,$50.00 
Flower Ground Meadow,$500.00 ,1,$500.00 ,$100.00 ,$50.00 
Flower Ground Meadow,$500.00 ,1,$500.00 ,$100.00 ,$50.00 
Flower Ground Meadow,$500.00 ,1,$500.00 ,$100.00 ,$50.00 
Flower Ground Meadow,$500.00 ,1,$500.00 ,$100.00 ,$50.00 
Flower Ground Meadow,$500.00 ,1,$500.00 ,$100.00 ,$50.00 
Flower Ground Meadow,$500.00 ,1,$500.00 ,$100.00 ,$50.00 
Flower Ground Meadow,$500.00 ,1,$500.00 ,$100.00 ,$50.00 
Cascading Flowers,$500.00 ,1,$500.00 ,$100.00 ,$50.00 
Cascading Flowers,$500.00 ,1,$500.00 ,$100.00 ,$50.00 
Cascading Flowers,$500.00 ,1,$500.00 ,$100.00 ,$50.00 
Cascading Flowers,$500.00 ,1,$500.00 ,$100.00 ,$50.00 
Cascading Flowers,$500.00 ,1,$500.00 ,$100.00 ,$50.00 
Cascading Flowers,$500.00 ,1,$500.00 ,$100.00 ,$50.00 
Cascading Flowers,$500.00 ,1,$500.00 ,$100.00 ,$50.00 
Cascading Flowers,$500.00 ,1,$500.00 ,$100.00 ,$50.00 
Cascading Flowers,$500.00 ,1,$500.00 ,$100.00 ,$50.00 
Flower Arch,$500.00 ,1,$500.00 ,$100.00 ,$50.00 
Flower Arch,$500.00 ,1,$500.00 ,$100.00 ,$50.00 
Flower Arch,$500.00 ,1,$500.00 ,$100.00 ,$50.00 
Flower Ground Meadow,$500.00 ,1,$500.00 ,$100.00 ,$50.00 
Flower Ground Meadow,$500.00 ,1,$500.00 ,$100.00 ,$50.00 
Flower Ground Meadow,$500.00 ,1,$500.00 ,$100.00 ,$50.00 
Flower Ground Meadow,$500.00 ,1,$500.00 ,$100.00 ,$50.00 
Flower Ground Meadow,$500.00 ,1,$500.00 ,$100.00 ,$50.00 
Flower Ground Meadow,$500.00 ,1,$500.00 ,$100.00 ,$50.00 
Flower Ground Meadow,$500.00 ,1,$500.00 ,$100.00 ,$50.00 
Flower Ground Meadow,$500.00 ,1,$500.00 ,$100.00 ,$50.00 
Flower Ground Meadow,$500.00 ,1,$500.00 ,$100.00 ,$50.00 
Flower Ground Meadow,$500.00 ,1,$500.00 ,$100.00 ,$50.00 
Flower Ground Meadow,$500.00 ,1,$500.00 ,$100.00 ,$50.00 
Flower Ground Meadow,$500.00 ,1,$500.00 ,$100.00 ,$50.00 
Flower Ground Meadow,$500.00 ,1,$500.00 ,$100.00 ,$50.00 
Flower Ground Meadow,$500.00 ,1,$500.00 ,$100.00 ,$50.00 
Flower Ground Meadow,$500.00 ,1,$500.00 ,$100.00 ,$50.00 
Flower Ground Meadow,$500.00 ,1,$500.00 ,$100.00 ,$50.00 
Flower Ground Meadow,$500.00 ,1,$500.00 ,$100.00 ,$50.00 
Flower Ground Meadow,$500.00 ,1,$500.00 ,$100.00 ,$50.00 
Flower Ground Meadow,$500.00 ,1,$500.00 ,$100.00 ,$50.00 
Flower Ground Meadow,$500.00 ,1,$500.00 ,$100.00 ,$50.00 
Flower Ground Meadow,$500.00 ,1,$500.00 ,$100.00 ,$50.00 
Flower Ground Meadow,$500.00 ,1,$500.00 ,$100.00 ,$50.00 
Flower Ground Meadow,$500.00 ,1,$500.00 ,$100.00 ,$50.00 
Flower Ground Meadow,$500.00 ,1,$500.00 ,$100.00 ,$50.00 
Flower Ground Meadow,$500.00 ,1,$500.00 ,$100.00 ,$50.00 
Flower Ground Meadow,$500.00 ,1,$500.00 ,$100.00 ,$50.00 
Flower Ground Meadow,$500.00 ,1,$500.00 ,$100.00 ,$50.00 
Flower Ground Meadow,$500.00 ,1,$500.00 ,$100.00 ,$50.00 
Flower Ground Meadow,$500.00 ,1,$500.00 ,$100.00 ,$50.00 
Flower Ground Meadow,$500.00 ,1,$500.00 ,$100.00 ,$50.00 
Flower Ground Meadow,$500.00 ,1,$500.00 ,$100.00 ,$50.00 
Flower Ground Meadow,$500.00 ,1,$500.00 ,$100.00 ,$50.00 
Flower Ground Meadow,$500.00 ,1,$500.00 ,$100.00 ,$50.00 
Flower Ground Meadow,$500.00 ,1,$500.00 ,$100.00 ,$50.00 
Flower Ground Meadow,$500.00 ,1,$500.00 ,$100.00 ,$50.00 
Flower Ground Meadow,$500.00 ,1,$500.00 ,$100.00 ,$50.00 
Flower Ground Meadow,$500.00 ,1,$500.00 ,$100.00 ,$50.00 
Flower Ground Meadow,$500.00 ,1,$500.00 ,$100.00 ,$50.00 
Flower Ground Meadow,$500.00 ,1,$500.00 ,$100.00 ,$50.00 
Flower Ground Meadow,$500.00 ,1,$500.00 ,$100.00 ,$50.00 
Flower Ground Meadow,$500.00 ,1,$500.00 ,$100.00 ,$50.00 
Flower Ground Meadow,$500.00 ,1,$500.00 ,$100.00 ,$50.00 
Flower Ground Meadow,$500.00 ,1,$500.00 ,$100.00 ,$50.00 
Flower Ground Meadow,$500.00 ,1,$500.00 ,$100.00 ,$50.00 
Flower Ground Meadow,$500.00 ,1,$500.00 ,$100.00 ,$50.00 
Flower Ground Meadow,$500.00 ,1,$500.00 ,$100.00 ,$50.00 
Flower Ground Meadow,$500.00 ,1,$500.00 ,$100.00 ,$50.00 
Small Arrangement,$75.00 ,7,$525.00 ,$105.00 ,$78.75 
Small Arrangement,$75.00 ,7,$525.00 ,$105.00 ,$78.75 
Small Arrangement,$75.00 ,7,$525.00 ,$105.00 ,$78.75 
Small Arrangement,$75.00 ,7,$525.00 ,$105.00 ,$78.75 
Flower Cloud,$175.00 ,3,$525.00 ,$105.00 ,$52.50 
Medium Arrangement,$175.00 ,3,$525.00 ,$105.00 ,$52.50 
Flower Cloud,$175.00 ,3,$525.00 ,$105.00 ,$52.50 
Medium Arrangement,$175.00 ,3,$525.00 ,$105.00 ,$52.50 
Bridesmaid Bouquet,$60.00 ,9,$540.00 ,$108.00 ,$81.00 
Bridesmaid Bouquet,$60.00 ,9,$540.00 ,$108.00 ,$81.00 
Bridesmaid Bouquet,$90.00 ,6,$540.00 ,$108.00 ,$81.00 
Bridesmaid Bouquet,$90.00 ,6,$540.00 ,$108.00 ,$81.00 
Bridesmaid Bouquet,$50.00 ,11,$550.00 ,$110.00 ,$110.00 
Bridesmaid Bouquet,$50.00 ,11,$550.00 ,$110.00 ,$110.00 
Bridesmaid Bouquet,$110.00 ,5,$550.00 ,$110.00 ,$55.00 
Bridesmaid Bouquet,$110.00 ,5,$550.00 ,$110.00 ,$55.00 
Flower Cloud,$275.00 ,2,$550.00 ,$110.00 ,$55.00 
Flower Cloud,$275.00 ,2,$550.00 ,$110.00 ,$55.00 
Flower Cloud,$275.00 ,2,$550.00 ,$110.00 ,$55.00 
Flower Cloud,$275.00 ,2,$550.00 ,$110.00 ,$55.00 
Flower Cloud,$275.00 ,2,$550.00 ,$110.00 ,$55.00 
Flower Cloud,$275.00 ,2,$550.00 ,$110.00 ,$55.00 
Cascading Flowers,$550.00 ,1,$550.00 ,$110.00 ,$55.00 
Cascading Flowers,$550.00 ,1,$550.00 ,$110.00 ,$55.00 
Cascading Flowers,$550.00 ,1,$550.00 ,$110.00 ,$55.00 
Cascading Flowers,$550.00 ,1,$550.00 ,$110.00 ,$55.00 
Cascading Flowers,$550.00 ,1,$550.00 ,$110.00 ,$55.00 
Cascading Flowers,$550.00 ,1,$550.00 ,$110.00 ,$55.00 
Cascading Flowers,$550.00 ,1,$550.00 ,$110.00 ,$55.00 
Cascading Flowers,$550.00 ,1,$550.00 ,$110.00 ,$55.00 
Cascading Flowers,$550.00 ,1,$550.00 ,$110.00 ,$55.00 
Cascading Flowers,$550.00 ,1,$550.00 ,$110.00 ,$55.00 
Cascading Flowers,$550.00 ,1,$550.00 ,$110.00 ,$55.00 
Cascading Flowers,$550.00 ,1,$550.00 ,$110.00 ,$55.00 
Bridesmaid Bouquet,$70.00 ,8,$560.00 ,$112.00 ,$84.00 
Bridesmaid Bouquet,$70.00 ,8,$560.00 ,$112.00 ,$84.00 
Bridesmaid Bouquet,$80.00 ,7,$560.00 ,$112.00 ,$84.00 
Bridesmaid Bouquet,$80.00 ,7,$560.00 ,$112.00 ,$84.00 
Bridesmaid Bouquet,$50.00 ,12,$600.00 ,$120.00 ,$120.00 
Bridesmaid Bouquet,$50.00 ,12,$600.00 ,$120.00 ,$120.00 
Bridesmaid Bouquet,$60.00 ,10,$600.00 ,$120.00 ,$120.00 
Bridesmaid Bouquet,$60.00 ,10,$600.00 ,$120.00 ,$120.00 
Small Arrangement,$75.00 ,8,$600.00 ,$120.00 ,$90.00 
Small Arrangement,$75.00 ,8,$600.00 ,$120.00 ,$90.00 
Small Arrangement,$75.00 ,8,$600.00 ,$120.00 ,$90.00 
Small Arrangement,$75.00 ,8,$600.00 ,$120.00 ,$90.00 
Small Arrangement,$75.00 ,8,$600.00 ,$120.00 ,$90.00 
Small Arrangement,$75.00 ,8,$600.00 ,$120.00 ,$90.00 
Small Arrangement,$75.00 ,8,$600.00 ,$120.00 ,$90.00 
Small Arrangement,$75.00 ,8,$600.00 ,$120.00 ,$90.00 
Small Arrangement,$75.00 ,8,$600.00 ,$120.00 ,$90.00 
Small Arrangement,$75.00 ,8,$600.00 ,$120.00 ,$90.00 
Small Arrangement,$75.00 ,8,$600.00 ,$120.00 ,$90.00 
Small Arrangement,$75.00 ,8,$600.00 ,$120.00 ,$90.00 
Bridesmaid Bouquet,$100.00 ,6,$600.00 ,$120.00 ,$90.00 
Bridesmaid Bouquet,$100.00 ,6,$600.00 ,$120.00 ,$90.00 
Medium Arrangement,$150.00 ,4,$600.00 ,$120.00 ,$60.00 
Medium Arrangement,$150.00 ,4,$600.00 ,$120.00 ,$60.00 
Medium Arrangement,$150.00 ,4,$600.00 ,$120.00 ,$60.00 
Medium Arrangement,$150.00 ,4,$600.00 ,$120.00 ,$60.00 
Medium Arrangement,$150.00 ,4,$600.00 ,$120.00 ,$60.00 
Medium Arrangement,$150.00 ,4,$600.00 ,$120.00 ,$60.00 
Cake Meadow,$300.00 ,2,$600.00 ,$120.00 ,$60.00 
Cake Meadow,$300.00 ,2,$600.00 ,$120.00 ,$60.00 
Cake Meadow,$300.00 ,2,$600.00 ,$120.00 ,$60.00 
Cascading Flowers,$300.00 ,2,$600.00 ,$120.00 ,$60.00 
Cascading Flowers,$300.00 ,2,$600.00 ,$120.00 ,$60.00 
Flower Cloud,$300.00 ,2,$600.00 ,$120.00 ,$60.00 
Flower Cloud,$300.00 ,2,$600.00 ,$120.00 ,$60.00 
Cake Meadow,$300.00 ,2,$600.00 ,$120.00 ,$60.00 
Cake Meadow,$300.00 ,2,$600.00 ,$120.00 ,$60.00 
Cake Meadow,$300.00 ,2,$600.00 ,$120.00 ,$60.00 
Cascading Flowers,$300.00 ,2,$600.00 ,$120.00 ,$60.00 
Cascading Flowers,$300.00 ,2,$600.00 ,$120.00 ,$60.00 
Flower Cloud,$300.00 ,2,$600.00 ,$120.00 ,$60.00 
Flower Cloud,$300.00 ,2,$600.00 ,$120.00 ,$60.00 
Cascading Flowers,$600.00 ,1,$600.00 ,$120.00 ,$60.00 
Cascading Flowers,$600.00 ,1,$600.00 ,$120.00 ,$60.00 
Cascading Flowers,$600.00 ,1,$600.00 ,$120.00 ,$60.00 
Cascading Flowers,$600.00 ,1,$600.00 ,$120.00 ,$60.00 
Cascading Flowers,$600.00 ,1,$600.00 ,$120.00 ,$60.00 
Flower Ground Meadow,$600.00 ,1,$600.00 ,$120.00 ,$60.00 
Flower Ground Meadow,$600.00 ,1,$600.00 ,$120.00 ,$60.00 
Flower Ground Meadow,$600.00 ,1,$600.00 ,$120.00 ,$60.00 
Flower Ground Meadow,$600.00 ,1,$600.00 ,$120.00 ,$60.00 
Flower Ground Meadow,$600.00 ,1,$600.00 ,$120.00 ,$60.00 
Flower Ground Meadow,$600.00 ,1,$600.00 ,$120.00 ,$60.00 
Flower Ground Meadow,$600.00 ,1,$600.00 ,$120.00 ,$60.00 
Flower Ground Meadow,$600.00 ,1,$600.00 ,$120.00 ,$60.00 
Flower Ground Meadow,$600.00 ,1,$600.00 ,$120.00 ,$60.00 
Flower Ground Meadow,$600.00 ,1,$600.00 ,$120.00 ,$60.00 
Flower Ground Meadow,$600.00 ,1,$600.00 ,$120.00 ,$60.00 
Flower Ground Meadow,$600.00 ,1,$600.00 ,$120.00 ,$60.00 
Flower Ground Meadow,$600.00 ,1,$600.00 ,$120.00 ,$60.00 
Flower Ground Meadow,$600.00 ,1,$600.00 ,$120.00 ,$60.00 
Flower Ground Meadow,$600.00 ,1,$600.00 ,$120.00 ,$60.00 
Flower Ground Meadow,$600.00 ,1,$600.00 ,$120.00 ,$60.00 
Flower Ground Meadow,$600.00 ,1,$600.00 ,$120.00 ,$60.00 
Flower Ground Meadow,$600.00 ,1,$600.00 ,$120.00 ,$60.00 
Flower Ground Meadow,$600.00 ,1,$600.00 ,$120.00 ,$60.00 
Flower Ground Meadow,$600.00 ,1,$600.00 ,$120.00 ,$60.00 
Flower Ground Meadow,$600.00 ,1,$600.00 ,$120.00 ,$60.00 
Flower Ground Meadow,$600.00 ,1,$600.00 ,$120.00 ,$60.00 
Flower Ground Meadow,$600.00 ,1,$600.00 ,$120.00 ,$60.00 
Flower Ground Meadow,$600.00 ,1,$600.00 ,$120.00 ,$60.00 
Flower Ground Meadow,$600.00 ,1,$600.00 ,$120.00 ,$60.00 
Flower Ground Meadow,$600.00 ,1,$600.00 ,$120.00 ,$60.00 
Flower Ground Meadow,$600.00 ,1,$600.00 ,$120.00 ,$60.00 
Flower Ground Meadow,$600.00 ,1,$600.00 ,$120.00 ,$60.00 
Flower Ground Meadow,$600.00 ,1,$600.00 ,$120.00 ,$60.00 
Flower Ground Meadow,$600.00 ,1,$600.00 ,$120.00 ,$60.00 
Flower Ground Meadow,$600.00 ,1,$600.00 ,$120.00 ,$60.00 
Flower Ground Meadow,$600.00 ,1,$600.00 ,$120.00 ,$60.00 
Flower Ground Meadow,$600.00 ,1,$600.00 ,$120.00 ,$60.00 
Flower Ground Meadow,$600.00 ,1,$600.00 ,$120.00 ,$60.00 
Flower Ground Meadow,$600.00 ,1,$600.00 ,$120.00 ,$60.00 
Flower Ground Meadow,$600.00 ,1,$600.00 ,$120.00 ,$60.00 
Flower Ground Meadow,$600.00 ,1,$600.00 ,$120.00 ,$60.00 
Flower Ground Meadow,$600.00 ,1,$600.00 ,$120.00 ,$60.00 
Flower Ground Meadow,$600.00 ,1,$600.00 ,$120.00 ,$60.00 
Flower Ground Meadow,$600.00 ,1,$600.00 ,$120.00 ,$60.00 
Flower Ground Meadow,$600.00 ,1,$600.00 ,$120.00 ,$60.00 
Flower Ground Meadow,$600.00 ,1,$600.00 ,$120.00 ,$60.00 
Flower Ground Meadow,$600.00 ,1,$600.00 ,$120.00 ,$60.00 
Flower Ground Meadow,$600.00 ,1,$600.00 ,$120.00 ,$60.00 
Flower Ground Meadow,$600.00 ,1,$600.00 ,$120.00 ,$60.00 
Flower Ground Meadow,$600.00 ,1,$600.00 ,$120.00 ,$60.00 
Flower Ground Meadow,$600.00 ,1,$600.00 ,$120.00 ,$60.00 
Cascading Flowers,$600.00 ,1,$600.00 ,$120.00 ,$60.00 
Cascading Flowers,$600.00 ,1,$600.00 ,$120.00 ,$60.00 
Cascading Flowers,$600.00 ,1,$600.00 ,$120.00 ,$60.00 
Cascading Flowers,$600.00 ,1,$600.00 ,$120.00 ,$60.00 
Cascading Flowers,$600.00 ,1,$600.00 ,$120.00 ,$60.00 
Flower Ground Meadow,$600.00 ,1,$600.00 ,$120.00 ,$60.00 
Flower Ground Meadow,$600.00 ,1,$600.00 ,$120.00 ,$60.00 
Flower Ground Meadow,$600.00 ,1,$600.00 ,$120.00 ,$60.00 
Flower Ground Meadow,$600.00 ,1,$600.00 ,$120.00 ,$60.00 
Flower Ground Meadow,$600.00 ,1,$600.00 ,$120.00 ,$60.00 
Flower Ground Meadow,$600.00 ,1,$600.00 ,$120.00 ,$60.00 
Flower Ground Meadow,$600.00 ,1,$600.00 ,$120.00 ,$60.00 
Flower Ground Meadow,$600.00 ,1,$600.00 ,$120.00 ,$60.00 
Flower Ground Meadow,$600.00 ,1,$600.00 ,$120.00 ,$60.00 
Flower Ground Meadow,$600.00 ,1,$600.00 ,$120.00 ,$60.00 
Flower Ground Meadow,$600.00 ,1,$600.00 ,$120.00 ,$60.00 
Flower Ground Meadow,$600.00 ,1,$600.00 ,$120.00 ,$60.00 
Flower Ground Meadow,$600.00 ,1,$600.00 ,$120.00 ,$60.00 
Flower Ground Meadow,$600.00 ,1,$600.00 ,$120.00 ,$60.00 
Flower Ground Meadow,$600.00 ,1,$600.00 ,$120.00 ,$60.00 
Flower Ground Meadow,$600.00 ,1,$600.00 ,$120.00 ,$60.00 
Flower Ground Meadow,$600.00 ,1,$600.00 ,$120.00 ,$60.00 
Flower Ground Meadow,$600.00 ,1,$600.00 ,$120.00 ,$60.00 
Flower Ground Meadow,$600.00 ,1,$600.00 ,$120.00 ,$60.00 
Flower Ground Meadow,$600.00 ,1,$600.00 ,$120.00 ,$60.00 
Flower Ground Meadow,$600.00 ,1,$600.00 ,$120.00 ,$60.00 
Flower Ground Meadow,$600.00 ,1,$600.00 ,$120.00 ,$60.00 
Flower Ground Meadow,$600.00 ,1,$600.00 ,$120.00 ,$60.00 
Flower Ground Meadow,$600.00 ,1,$600.00 ,$120.00 ,$60.00 
Flower Ground Meadow,$600.00 ,1,$600.00 ,$120.00 ,$60.00 
Flower Ground Meadow,$600.00 ,1,$600.00 ,$120.00 ,$60.00 
Flower Ground Meadow,$600.00 ,1,$600.00 ,$120.00 ,$60.00 
Flower Ground Meadow,$600.00 ,1,$600.00 ,$120.00 ,$60.00 
Flower Ground Meadow,$600.00 ,1,$600.00 ,$120.00 ,$60.00 
Flower Ground Meadow,$600.00 ,1,$600.00 ,$120.00 ,$60.00 
Flower Ground Meadow,$600.00 ,1,$600.00 ,$120.00 ,$60.00 
Flower Ground Meadow,$600.00 ,1,$600.00 ,$120.00 ,$60.00 
Flower Ground Meadow,$600.00 ,1,$600.00 ,$120.00 ,$60.00 
Flower Ground Meadow,$600.00 ,1,$600.00 ,$120.00 ,$60.00 
Flower Ground Meadow,$600.00 ,1,$600.00 ,$120.00 ,$60.00 
Flower Ground Meadow,$600.00 ,1,$600.00 ,$120.00 ,$60.00 
Flower Ground Meadow,$600.00 ,1,$600.00 ,$120.00 ,$60.00 
Flower Ground Meadow,$600.00 ,1,$600.00 ,$120.00 ,$60.00 
Flower Ground Meadow,$600.00 ,1,$600.00 ,$120.00 ,$60.00 
Flower Ground Meadow,$600.00 ,1,$600.00 ,$120.00 ,$60.00 
Flower Ground Meadow,$600.00 ,1,$600.00 ,$120.00 ,$60.00 
Flower Ground Meadow,$600.00 ,1,$600.00 ,$120.00 ,$60.00 
Flower Ground Meadow,$600.00 ,1,$600.00 ,$120.00 ,$60.00 
Flower Ground Meadow,$600.00 ,1,$600.00 ,$120.00 ,$60.00 
Flower Ground Meadow,$600.00 ,1,$600.00 ,$120.00 ,$60.00 
Flower Ground Meadow,$600.00 ,1,$600.00 ,$120.00 ,$60.00 
Flower Ground Meadow,$600.00 ,1,$600.00 ,$120.00 ,$60.00 
Small Arrangement,$55.00 ,11,$605.00 ,$121.00 ,$121.00 
Small Arrangement,$55.00 ,11,$605.00 ,$121.00 ,$121.00 
Medium Arrangement,$125.00 ,5,$625.00 ,$125.00 ,$62.50 
Medium Arrangement,$125.00 ,5,$625.00 ,$125.00 ,$62.50 
Medium Arrangement,$125.00 ,5,$625.00 ,$125.00 ,$62.50 
Medium Arrangement,$125.00 ,5,$625.00 ,$125.00 ,$62.50 
Medium Arrangement,$125.00 ,5,$625.00 ,$125.00 ,$62.50 
Medium Arrangement,$125.00 ,5,$625.00 ,$125.00 ,$62.50 
Medium Arrangement,$125.00 ,5,$625.00 ,$125.00 ,$62.50 
Medium Arrangement,$125.00 ,5,$625.00 ,$125.00 ,$62.50 
Bridesmaid Bouquet,$70.00 ,9,$630.00 ,$126.00 ,$94.50 
Bridesmaid Bouquet,$70.00 ,9,$630.00 ,$126.00 ,$94.50 
Bridesmaid Bouquet,$90.00 ,7,$630.00 ,$126.00 ,$94.50 
Bridesmaid Bouquet,$90.00 ,7,$630.00 ,$126.00 ,$94.50 
Bridesmaid Bouquet,$80.00 ,8,$640.00 ,$128.00 ,$96.00 
Bridesmaid Bouquet,$80.00 ,8,$640.00 ,$128.00 ,$96.00 
Flower Cloud,$325.00 ,2,$650.00 ,$130.00 ,$65.00 
Flower Cloud,$325.00 ,2,$650.00 ,$130.00 ,$65.00 
Flower Cloud,$325.00 ,2,$650.00 ,$130.00 ,$65.00 
Flower Cloud,$325.00 ,2,$650.00 ,$130.00 ,$65.00 
Flower Cloud,$325.00 ,2,$650.00 ,$130.00 ,$65.00 
Flower Cloud,$325.00 ,2,$650.00 ,$130.00 ,$65.00 
Flower Cloud,$325.00 ,2,$650.00 ,$130.00 ,$65.00 
Flower Cloud,$325.00 ,2,$650.00 ,$130.00 ,$65.00 
Flower Cloud,$325.00 ,2,$650.00 ,$130.00 ,$65.00 
Flower Cloud,$325.00 ,2,$650.00 ,$130.00 ,$65.00 
Flower Cloud,$325.00 ,2,$650.00 ,$130.00 ,$65.00 
Flower Cloud,$325.00 ,2,$650.00 ,$130.00 ,$65.00 
Cascading Flowers,$650.00 ,1,$650.00 ,$130.00 ,$65.00 
Cascading Flowers,$650.00 ,1,$650.00 ,$130.00 ,$65.00 
Cascading Flowers,$650.00 ,1,$650.00 ,$130.00 ,$65.00 
Cascading Flowers,$650.00 ,1,$650.00 ,$130.00 ,$65.00 
Cascading Flowers,$650.00 ,1,$650.00 ,$130.00 ,$65.00 
Cascading Flowers,$650.00 ,1,$650.00 ,$130.00 ,$65.00 
Cascading Flowers,$650.00 ,1,$650.00 ,$130.00 ,$65.00 
Cascading Flowers,$650.00 ,1,$650.00 ,$130.00 ,$65.00 
Cascading Flowers,$650.00 ,1,$650.00 ,$130.00 ,$65.00 
Cascading Flowers,$650.00 ,1,$650.00 ,$130.00 ,$65.00 
Cascading Flowers,$650.00 ,1,$650.00 ,$130.00 ,$65.00 
Cascading Flowers,$650.00 ,1,$650.00 ,$130.00 ,$65.00 
Cascading Flowers,$650.00 ,1,$650.00 ,$130.00 ,$65.00 
Cascading Flowers,$650.00 ,1,$650.00 ,$130.00 ,$65.00 
Cascading Flowers,$650.00 ,1,$650.00 ,$130.00 ,$65.00 
Cascading Flowers,$650.00 ,1,$650.00 ,$130.00 ,$65.00 
Cascading Flowers,$650.00 ,1,$650.00 ,$130.00 ,$65.00 
Cascading Flowers,$650.00 ,1,$650.00 ,$130.00 ,$65.00 
Small Arrangement,$55.00 ,12,$660.00 ,$132.00 ,$132.00 
Small Arrangement,$55.00 ,12,$660.00 ,$132.00 ,$132.00 
Small Arrangement,$55.00 ,12,$660.00 ,$132.00 ,$132.00 
Small Arrangement,$55.00 ,12,$660.00 ,$132.00 ,$132.00 
Bridesmaid Bouquet,$60.00 ,11,$660.00 ,$132.00 ,$132.00 
Bridesmaid Bouquet,$60.00 ,11,$660.00 ,$132.00 ,$132.00 
Bridesmaid Bouquet,$110.00 ,6,$660.00 ,$132.00 ,$99.00 
Bridesmaid Bouquet,$110.00 ,6,$660.00 ,$132.00 ,$99.00 
Large Arrangement,$335.00 ,2,$670.00 ,$134.00 ,$67.00 
Large Arrangement,$335.00 ,2,$670.00 ,$134.00 ,$67.00 
Large Arrangement,$335.00 ,2,$670.00 ,$134.00 ,$67.00 
Large Arrangement,$335.00 ,2,$670.00 ,$134.00 ,$67.00 
Large Arrangement,$335.00 ,2,$670.00 ,$134.00 ,$67.00 
Large Arrangement,$335.00 ,2,$670.00 ,$134.00 ,$67.00 
Large Arrangement,$335.00 ,2,$670.00 ,$134.00 ,$67.00 
Large Arrangement,$335.00 ,2,$670.00 ,$134.00 ,$67.00 
Small Arrangement,$75.00 ,9,$675.00 ,$135.00 ,$101.25 
Small Arrangement,$75.00 ,9,$675.00 ,$135.00 ,$101.25 
Small Arrangement,$75.00 ,9,$675.00 ,$135.00 ,$101.25 
Small Arrangement,$75.00 ,9,$675.00 ,$135.00 ,$101.25 
Small Arrangement,$75.00 ,9,$675.00 ,$135.00 ,$101.25 
Small Arrangement,$75.00 ,9,$675.00 ,$135.00 ,$101.25 
Flower Cloud,$225.00 ,3,$675.00 ,$135.00 ,$67.50 
Flower Cloud,$225.00 ,3,$675.00 ,$135.00 ,$67.50 
Bridesmaid Bouquet,$70.00 ,10,$700.00 ,$140.00 ,$140.00 
Bridesmaid Bouquet,$100.00 ,7,$700.00 ,$140.00 ,$105.00 
Flower Cloud,$175.00 ,4,$700.00 ,$140.00 ,$70.00 
Flower Cloud,$175.00 ,4,$700.00 ,$140.00 ,$70.00 
Bridal Bouquet,$350.00 ,2,$700.00 ,$140.00 ,$70.00 
Bridal Bouquet,$350.00 ,2,$700.00 ,$140.00 ,$70.00 
Flower Cloud,$350.00 ,2,$700.00 ,$140.00 ,$70.00 
Flower Cloud,$350.00 ,2,$700.00 ,$140.00 ,$70.00 
Large Arrangement,$350.00 ,2,$700.00 ,$140.00 ,$70.00 
Large Arrangement,$350.00 ,2,$700.00 ,$140.00 ,$70.00 
Cascading Flowers,$700.00 ,1,$700.00 ,$140.00 ,$70.00 
Cascading Flowers,$700.00 ,1,$700.00 ,$140.00 ,$70.00 
Cascading Flowers,$700.00 ,1,$700.00 ,$140.00 ,$70.00 
Cascading Flowers,$700.00 ,1,$700.00 ,$140.00 ,$70.00 
Cascading Flowers,$700.00 ,1,$700.00 ,$140.00 ,$70.00 
Cascading Flowers,$700.00 ,1,$700.00 ,$140.00 ,$70.00 
Cascading Flowers,$700.00 ,1,$700.00 ,$140.00 ,$70.00 
Cascading Flowers,$700.00 ,1,$700.00 ,$140.00 ,$70.00 
Cascading Flowers,$700.00 ,1,$700.00 ,$140.00 ,$70.00 
Dancefloor Install,$700.00 ,1,$700.00 ,$140.00 ,$70.00 
Dancefloor Install,$700.00 ,1,$700.00 ,$140.00 ,$70.00 
Dancefloor Install,$700.00 ,1,$700.00 ,$140.00 ,$70.00 
Dancefloor Install,$700.00 ,1,$700.00 ,$140.00 ,$70.00 
Dancefloor Install,$700.00 ,1,$700.00 ,$140.00 ,$70.00 
Dancefloor Install,$700.00 ,1,$700.00 ,$140.00 ,$70.00 
Dancefloor Install,$700.00 ,1,$700.00 ,$140.00 ,$70.00 
Dancefloor Install,$700.00 ,1,$700.00 ,$140.00 ,$70.00 
Dancefloor Install,$700.00 ,1,$700.00 ,$140.00 ,$70.00 
Dancefloor Install,$700.00 ,1,$700.00 ,$140.00 ,$70.00 
Flower Ground Meadow,$700.00 ,1,$700.00 ,$140.00 ,$70.00 
Flower Ground Meadow,$700.00 ,1,$700.00 ,$140.00 ,$70.00 
Flower Ground Meadow,$700.00 ,1,$700.00 ,$140.00 ,$70.00 
Flower Ground Meadow,$700.00 ,1,$700.00 ,$140.00 ,$70.00 
Flower Ground Meadow,$700.00 ,1,$700.00 ,$140.00 ,$70.00 
Flower Ground Meadow,$700.00 ,1,$700.00 ,$140.00 ,$70.00 
Flower Ground Meadow,$700.00 ,1,$700.00 ,$140.00 ,$70.00 
Flower Ground Meadow,$700.00 ,1,$700.00 ,$140.00 ,$70.00 
Flower Ground Meadow,$700.00 ,1,$700.00 ,$140.00 ,$70.00 
Flower Ground Meadow,$700.00 ,1,$700.00 ,$140.00 ,$70.00 
Flower Ground Meadow,$700.00 ,1,$700.00 ,$140.00 ,$70.00 
Flower Ground Meadow,$700.00 ,1,$700.00 ,$140.00 ,$70.00 
Flower Ground Meadow,$700.00 ,1,$700.00 ,$140.00 ,$70.00 
Flower Ground Meadow,$700.00 ,1,$700.00 ,$140.00 ,$70.00 
Flower Ground Meadow,$700.00 ,1,$700.00 ,$140.00 ,$70.00 
Flower Ground Meadow,$700.00 ,1,$700.00 ,$140.00 ,$70.00 
Flower Ground Meadow,$700.00 ,1,$700.00 ,$210.00 ,$70.00 
Flower Ground Meadow,$700.00 ,1,$700.00 ,$210.00 ,$70.00 
Flower Ground Meadow,$700.00 ,1,$700.00 ,$210.00 ,$70.00 
Flower Ground Meadow,$700.00 ,1,$700.00 ,$210.00 ,$70.00 
Flower Ground Meadow,$700.00 ,1,$700.00 ,$210.00 ,$70.00 
Flower Ground Meadow,$700.00 ,1,$700.00 ,$210.00 ,$70.00 
Flower Ground Meadow,$700.00 ,1,$700.00 ,$210.00 ,$70.00 
Flower Ground Meadow,$700.00 ,1,$700.00 ,$210.00 ,$70.00 
Flower Ground Meadow,$700.00 ,1,$700.00 ,$210.00 ,$70.00 
Flower Ground Meadow,$700.00 ,1,$700.00 ,$210.00 ,$70.00 
Flower Ground Meadow,$700.00 ,1,$700.00 ,$210.00 ,$70.00 
Flower Ground Meadow,$700.00 ,1,$700.00 ,$210.00 ,$70.00 
Flower Ground Meadow,$700.00 ,1,$700.00 ,$210.00 ,$70.00 
Flower Ground Meadow,$700.00 ,1,$700.00 ,$210.00 ,$70.00 
Flower Ground Meadow,$700.00 ,1,$700.00 ,$210.00 ,$70.00 
Flower Ground Meadow,$700.00 ,1,$700.00 ,$210.00 ,$70.00 
Flower Ground Meadow,$700.00 ,1,$700.00 ,$210.00 ,$70.00 
Flower Ground Meadow,$700.00 ,1,$700.00 ,$210.00 ,$70.00 
Flower Ground Meadow,$700.00 ,1,$700.00 ,$210.00 ,$70.00 
Flower Ground Meadow,$700.00 ,1,$700.00 ,$210.00 ,$70.00 
Flower Ground Meadow,$700.00 ,1,$700.00 ,$210.00 ,$70.00 
Flower Ground Meadow,$700.00 ,1,$700.00 ,$210.00 ,$70.00 
Flower Ground Meadow,$700.00 ,1,$700.00 ,$210.00 ,$70.00 
Flower Ground Meadow,$700.00 ,1,$700.00 ,$210.00 ,$70.00 
Flower Ground Meadow,$700.00 ,1,$700.00 ,$210.00 ,$70.00 
Flower Ground Meadow,$700.00 ,1,$700.00 ,$210.00 ,$70.00 
Flower Ground Meadow,$700.00 ,1,$700.00 ,$210.00 ,$70.00 
Flower Ground Meadow,$700.00 ,1,$700.00 ,$210.00 ,$70.00 
Flower Ground Meadow,$700.00 ,1,$700.00 ,$210.00 ,$70.00 
Flower Ground Meadow,$700.00 ,1,$700.00 ,$210.00 ,$70.00 
Flower Ground Meadow,$700.00 ,1,$700.00 ,$210.00 ,$70.00 
Flower Ground Meadow,$700.00 ,1,$700.00 ,$210.00 ,$70.00 
Flower Ground Meadow,$700.00 ,1,$700.00 ,$210.00 ,$70.00 
Flower Ground Meadow,$700.00 ,1,$700.00 ,$210.00 ,$70.00 
Flower Ground Meadow,$700.00 ,1,$700.00 ,$210.00 ,$70.00 
Flower Ground Meadow,$700.00 ,1,$700.00 ,$210.00 ,$70.00 
Flower Ground Meadow,$700.00 ,1,$700.00 ,$210.00 ,$70.00 
Small Arrangement,$55.00 ,13,$715.00 ,$214.50 ,$143.00 
Bridesmaid Bouquet,$80.00 ,9,$720.00 ,$216.00 ,$108.00 
Bridesmaid Bouquet,$90.00 ,8,$720.00 ,$216.00 ,$108.00 
Bridesmaid Bouquet,$50.00 ,15,$750.00 ,$225.00 ,$150.00 
Small Arrangement,$75.00 ,10,$750.00 ,$225.00 ,$150.00 
Small Arrangement,$75.00 ,10,$750.00 ,$225.00 ,$150.00 
Small Arrangement,$75.00 ,10,$750.00 ,$225.00 ,$150.00 
Small Arrangement,$75.00 ,10,$750.00 ,$225.00 ,$150.00 
Medium Arrangement,$125.00 ,6,$750.00 ,$225.00 ,$112.50 
Medium Arrangement,$150.00 ,5,$750.00 ,$225.00 ,$75.00 
Medium Arrangement,$150.00 ,5,$750.00 ,$225.00 ,$75.00 
Medium Arrangement,$150.00 ,5,$750.00 ,$225.00 ,$75.00 
Medium Arrangement,$150.00 ,5,$750.00 ,$225.00 ,$75.00 
Medium Arrangement,$150.00 ,5,$750.00 ,$225.00 ,$75.00 
Medium Arrangement,$150.00 ,5,$750.00 ,$225.00 ,$75.00 
Medium Arrangement,$150.00 ,5,$750.00 ,$225.00 ,$75.00 
Medium Arrangement,$150.00 ,5,$750.00 ,$225.00 ,$75.00 
Medium Arrangement,$150.00 ,5,$750.00 ,$225.00 ,$75.00 
Flower Cloud,$375.00 ,2,$750.00 ,$225.00 ,$75.00 
Flower Cloud,$375.00 ,2,$750.00 ,$225.00 ,$75.00 
Dancefloor Install,$750.00 ,1,$750.00 ,$225.00 ,$75.00 
Dancefloor Install,$750.00 ,1,$750.00 ,$225.00 ,$75.00 
Dancefloor Install,$750.00 ,1,$750.00 ,$225.00 ,$75.00 
Dancefloor Install,$750.00 ,1,$750.00 ,$225.00 ,$75.00 
Dancefloor Install,$750.00 ,1,$750.00 ,$225.00 ,$75.00 
Flower Cloud,$200.00 ,4,$800.00 ,$240.00 ,$80.00 
Flower Cloud,$200.00 ,4,$800.00 ,$240.00 ,$80.00 
Large Arrangement,$200.00 ,4,$800.00 ,$240.00 ,$80.00 
Large Arrangement,$200.00 ,4,$800.00 ,$240.00 ,$80.00 
Cascading Flowers,$400.00 ,2,$800.00 ,$240.00 ,$80.00 
Cascading Flowers,$400.00 ,2,$800.00 ,$240.00 ,$80.00 
Cascading Flowers,$400.00 ,2,$800.00 ,$240.00 ,$80.00 
Flower Cloud,$400.00 ,2,$800.00 ,$240.00 ,$80.00 
Flower Cloud,$400.00 ,2,$800.00 ,$240.00 ,$80.00 
Flower Cloud,$400.00 ,2,$800.00 ,$240.00 ,$80.00 
Flower Cloud,$400.00 ,2,$800.00 ,$240.00 ,$80.00 
Flower Cloud,$400.00 ,2,$800.00 ,$240.00 ,$80.00 
Flower Cloud,$400.00 ,2,$800.00 ,$240.00 ,$80.00 
Flower Cloud,$400.00 ,2,$800.00 ,$240.00 ,$80.00 
Flower Cloud,$400.00 ,2,$800.00 ,$240.00 ,$80.00 
Flower Cloud,$400.00 ,2,$800.00 ,$240.00 ,$80.00 
Flower Cloud,$400.00 ,2,$800.00 ,$240.00 ,$80.00 
Large Arrangement,$400.00 ,2,$800.00 ,$240.00 ,$80.00 
Dancefloor Install,$800.00 ,1,$800.00 ,$240.00 ,$80.00 
Dancefloor Install,$800.00 ,1,$800.00 ,$240.00 ,$80.00 
Dancefloor Install,$800.00 ,1,$800.00 ,$240.00 ,$80.00 
Dancefloor Install,$800.00 ,1,$800.00 ,$240.00 ,$80.00 
Dancefloor Install,$800.00 ,1,$800.00 ,$240.00 ,$80.00 
Dancefloor Install,$800.00 ,1,$800.00 ,$240.00 ,$80.00 
Flower Arch,$800.00 ,1,$800.00 ,$240.00 ,$80.00 
Flower Arch,$800.00 ,1,$800.00 ,$240.00 ,$80.00 
Flower Arch,$800.00 ,1,$800.00 ,$240.00 ,$80.00 
Flower Arch,$800.00 ,1,$800.00 ,$240.00 ,$80.00 
Flower Ground Meadow,$800.00 ,1,$800.00 ,$240.00 ,$80.00 
Flower Ground Meadow,$800.00 ,1,$800.00 ,$240.00 ,$80.00 
Flower Ground Meadow,$800.00 ,1,$800.00 ,$240.00 ,$80.00 
Flower Ground Meadow,$800.00 ,1,$800.00 ,$240.00 ,$80.00 
Flower Ground Meadow,$800.00 ,1,$800.00 ,$240.00 ,$80.00 
Flower Ground Meadow,$800.00 ,1,$800.00 ,$240.00 ,$80.00 
Flower Ground Meadow,$800.00 ,1,$800.00 ,$240.00 ,$80.00 
Flower Ground Meadow,$800.00 ,1,$800.00 ,$240.00 ,$80.00 
Flower Ground Meadow,$800.00 ,1,$800.00 ,$240.00 ,$80.00 
Flower Ground Meadow,$800.00 ,1,$800.00 ,$240.00 ,$80.00 
Flower Ground Meadow,$800.00 ,1,$800.00 ,$240.00 ,$80.00 
Flower Ground Meadow,$800.00 ,1,$800.00 ,$240.00 ,$80.00 
Flower Ground Meadow,$800.00 ,1,$800.00 ,$240.00 ,$80.00 
Flower Ground Meadow,$800.00 ,1,$800.00 ,$240.00 ,$80.00 
Flower Ground Meadow,$800.00 ,1,$800.00 ,$240.00 ,$80.00 
Flower Ground Meadow,$800.00 ,1,$800.00 ,$240.00 ,$80.00 
Flower Ground Meadow,$800.00 ,1,$800.00 ,$240.00 ,$80.00 
Flower Ground Meadow,$800.00 ,1,$800.00 ,$240.00 ,$80.00 
Flower Ground Meadow,$800.00 ,1,$800.00 ,$240.00 ,$80.00 
Flower Ground Meadow,$800.00 ,1,$800.00 ,$240.00 ,$80.00 
Flower Ground Meadow,$800.00 ,1,$800.00 ,$240.00 ,$80.00 
Flower Ground Meadow,$800.00 ,1,$800.00 ,$240.00 ,$80.00 
Flower Ground Meadow,$800.00 ,1,$800.00 ,$240.00 ,$80.00 
Flower Ground Meadow,$800.00 ,1,$800.00 ,$240.00 ,$80.00 
Flower Ground Meadow,$800.00 ,1,$800.00 ,$240.00 ,$80.00 
Flower Ground Meadow,$800.00 ,1,$800.00 ,$240.00 ,$80.00 
Flower Ground Meadow,$800.00 ,1,$800.00 ,$240.00 ,$80.00 
Flower Ground Meadow,$800.00 ,1,$800.00 ,$240.00 ,$80.00 
Flower Ground Meadow,$800.00 ,1,$800.00 ,$240.00 ,$80.00 
Flower Ground Meadow,$800.00 ,1,$800.00 ,$240.00 ,$80.00 
Flower Ground Meadow,$800.00 ,1,$800.00 ,$240.00 ,$80.00 
Flower Ground Meadow,$800.00 ,1,$800.00 ,$240.00 ,$80.00 
Flower Ground Meadow,$800.00 ,1,$800.00 ,$240.00 ,$80.00 
Flower Ground Meadow,$800.00 ,1,$800.00 ,$240.00 ,$80.00 
Flower Ground Meadow,$800.00 ,1,$800.00 ,$240.00 ,$80.00 
Flower Ground Meadow,$800.00 ,1,$800.00 ,$240.00 ,$80.00 
Flower Ground Meadow,$800.00 ,1,$800.00 ,$240.00 ,$80.00 
Flower Ground Meadow,$800.00 ,1,$800.00 ,$240.00 ,$80.00 
Flower Ground Meadow,$800.00 ,1,$800.00 ,$240.00 ,$80.00 
Flower Ground Meadow,$800.00 ,1,$800.00 ,$240.00 ,$80.00 
Flower Ground Meadow,$800.00 ,1,$800.00 ,$240.00 ,$80.00 
Flower Ground Meadow,$800.00 ,1,$800.00 ,$240.00 ,$80.00 
Flower Ground Meadow,$800.00 ,1,$800.00 ,$240.00 ,$80.00 
Flower Ground Meadow,$800.00 ,1,$800.00 ,$240.00 ,$80.00 
Flower Ground Meadow,$800.00 ,1,$800.00 ,$240.00 ,$80.00 
Flower Ground Meadow,$800.00 ,1,$800.00 ,$240.00 ,$80.00 
Flower Ground Meadow,$800.00 ,1,$800.00 ,$240.00 ,$80.00 
Flower Ground Meadow,$800.00 ,1,$800.00 ,$240.00 ,$80.00 
Flower Ground Meadow,$800.00 ,1,$800.00 ,$240.00 ,$80.00 
Small Arrangement,$55.00 ,15,$825.00 ,$247.50 ,$165.00 
Small Arrangement,$75.00 ,11,$825.00 ,$247.50 ,$165.00 
Small Arrangement,$75.00 ,11,$825.00 ,$247.50 ,$165.00 
Small Arrangement,$75.00 ,11,$825.00 ,$247.50 ,$165.00 
Bridesmaid Bouquet,$60.00 ,14,$840.00 ,$252.00 ,$168.00 
Dancefloor Install,$850.00 ,1,$850.00 ,$255.00 ,$85.00 
Dancefloor Install,$850.00 ,1,$850.00 ,$255.00 ,$85.00 
Dancefloor Install,$850.00 ,1,$850.00 ,$255.00 ,$85.00 
Dancefloor Install,$850.00 ,1,$850.00 ,$255.00 ,$85.00 
Dancefloor Install,$850.00 ,1,$850.00 ,$255.00 ,$85.00 
Dancefloor Install,$850.00 ,1,$850.00 ,$255.00 ,$85.00 
Dancefloor Install,$850.00 ,1,$850.00 ,$255.00 ,$85.00 
Dancefloor Install,$850.00 ,1,$850.00 ,$255.00 ,$85.00 
Dancefloor Install,$850.00 ,1,$850.00 ,$255.00 ,$85.00 
Medium Arrangement,$125.00 ,7,$875.00 ,$262.50 ,$131.25 
Medium Arrangement,$125.00 ,7,$875.00 ,$262.50 ,$131.25 
Medium Arrangement,$125.00 ,7,$875.00 ,$262.50 ,$131.25 
Medium Arrangement,$125.00 ,7,$875.00 ,$262.50 ,$131.25 
Medium Arrangement,$175.00 ,5,$875.00 ,$262.50 ,$87.50 
Medium Arrangement,$175.00 ,5,$875.00 ,$262.50 ,$87.50 
Medium Arrangement,$175.00 ,5,$875.00 ,$262.50 ,$87.50 
Medium Arrangement,$175.00 ,5,$875.00 ,$262.50 ,$87.50 
Medium Arrangement,$175.00 ,5,$875.00 ,$262.50 ,$87.50 
Bridesmaid Bouquet,$60.00 ,15,$900.00 ,$270.00 ,$180.00 
Small Arrangement,$75.00 ,12,$900.00 ,$270.00 ,$180.00 
Small Arrangement,$75.00 ,12,$900.00 ,$270.00 ,$180.00 
Medium Arrangement,$150.00 ,6,$900.00 ,$270.00 ,$135.00 
Medium Arrangement,$150.00 ,6,$900.00 ,$270.00 ,$135.00 
Medium Arrangement,$150.00 ,6,$900.00 ,$270.00 ,$135.00 
Medium Arrangement,$150.00 ,6,$900.00 ,$270.00 ,$135.00 
Medium Arrangement,$150.00 ,6,$900.00 ,$270.00 ,$135.00 
Cascading Flowers,$300.00 ,3,$900.00 ,$270.00 ,$90.00 
Cascading Flowers,$300.00 ,3,$900.00 ,$270.00 ,$90.00 
Cascading Flowers,$300.00 ,3,$900.00 ,$270.00 ,$90.00 
Cascading Flowers,$300.00 ,3,$900.00 ,$270.00 ,$90.00 
Cascading Flowers,$300.00 ,3,$900.00 ,$270.00 ,$90.00 
Cascading Flowers,$300.00 ,3,$900.00 ,$270.00 ,$90.00 
Cascading Flowers,$300.00 ,3,$900.00 ,$270.00 ,$90.00 
Flower Cloud,$300.00 ,3,$900.00 ,$270.00 ,$90.00 
Cascading Flowers,$450.00 ,2,$900.00 ,$270.00 ,$90.00 
Dancefloor Install,$900.00 ,1,$900.00 ,$270.00 ,$90.00 
Dancefloor Install,$900.00 ,1,$900.00 ,$270.00 ,$90.00 
Dancefloor Install,$900.00 ,1,$900.00 ,$270.00 ,$90.00 
Dancefloor Install,$900.00 ,1,$900.00 ,$270.00 ,$90.00 
Flower Ground Meadow,$900.00 ,1,$900.00 ,$270.00 ,$90.00 
Flower Ground Meadow,$900.00 ,1,$900.00 ,$270.00 ,$90.00 
Flower Ground Meadow,$900.00 ,1,$900.00 ,$270.00 ,$90.00 
Flower Ground Meadow,$900.00 ,1,$900.00 ,$270.00 ,$90.00 
Flower Ground Meadow,$900.00 ,1,$900.00 ,$270.00 ,$90.00 
Flower Ground Meadow,$900.00 ,1,$900.00 ,$270.00 ,$90.00 
Flower Ground Meadow,$900.00 ,1,$900.00 ,$270.00 ,$90.00 
Flower Ground Meadow,$900.00 ,1,$900.00 ,$270.00 ,$90.00 
Flower Ground Meadow,$900.00 ,1,$900.00 ,$270.00 ,$90.00 
Flower Ground Meadow,$900.00 ,1,$900.00 ,$270.00 ,$90.00 
Flower Ground Meadow,$900.00 ,1,$900.00 ,$270.00 ,$90.00 
Flower Ground Meadow,$900.00 ,1,$900.00 ,$270.00 ,$90.00 
Flower Ground Meadow,$900.00 ,1,$900.00 ,$270.00 ,$90.00 
Flower Ground Meadow,$900.00 ,1,$900.00 ,$270.00 ,$90.00 
Flower Ground Meadow,$900.00 ,1,$900.00 ,$270.00 ,$90.00 
Flower Ground Meadow,$900.00 ,1,$900.00 ,$270.00 ,$90.00 
Flower Ground Meadow,$900.00 ,1,$900.00 ,$270.00 ,$90.00 
Flower Ground Meadow,$900.00 ,1,$900.00 ,$270.00 ,$90.00 
Flower Ground Meadow,$900.00 ,1,$900.00 ,$270.00 ,$90.00 
Flower Ground Meadow,$900.00 ,1,$900.00 ,$270.00 ,$90.00 
Flower Ground Meadow,$900.00 ,1,$900.00 ,$270.00 ,$90.00 
Flower Ground Meadow,$900.00 ,1,$900.00 ,$270.00 ,$90.00 
Flower Ground Meadow,$900.00 ,1,$900.00 ,$270.00 ,$90.00 
Flower Ground Meadow,$900.00 ,1,$900.00 ,$270.00 ,$90.00 
Flower Ground Meadow,$900.00 ,1,$900.00 ,$270.00 ,$90.00 
Flower Ground Meadow,$900.00 ,1,$900.00 ,$270.00 ,$90.00 
Flower Ground Meadow,$900.00 ,1,$900.00 ,$270.00 ,$90.00 
Flower Ground Meadow,$900.00 ,1,$900.00 ,$270.00 ,$90.00 
Flower Ground Meadow,$900.00 ,1,$900.00 ,$270.00 ,$90.00 
Flower Ground Meadow,$900.00 ,1,$900.00 ,$270.00 ,$90.00 
Flower Ground Meadow,$900.00 ,1,$900.00 ,$270.00 ,$90.00 
Flower Ground Meadow,$900.00 ,1,$900.00 ,$270.00 ,$90.00 
Flower Ground Meadow,$900.00 ,1,$900.00 ,$270.00 ,$90.00 
Flower Ground Meadow,$900.00 ,1,$900.00 ,$270.00 ,$90.00 
Flower Ground Meadow,$900.00 ,1,$900.00 ,$270.00 ,$90.00 
Flower Ground Meadow,$900.00 ,1,$900.00 ,$270.00 ,$90.00 
Flower Ground Meadow,$900.00 ,1,$900.00 ,$270.00 ,$90.00 
Flower Ground Meadow,$900.00 ,1,$900.00 ,$270.00 ,$90.00 
Flower Ground Meadow,$900.00 ,1,$900.00 ,$270.00 ,$90.00 
Flower Ground Meadow,$900.00 ,1,$900.00 ,$270.00 ,$90.00 
Flower Ground Meadow,$900.00 ,1,$900.00 ,$270.00 ,$90.00 
Flower Ground Meadow,$900.00 ,1,$900.00 ,$270.00 ,$90.00 
Flower Ground Meadow,$900.00 ,1,$900.00 ,$270.00 ,$90.00 
Bridesmaid Bouquet,$70.00 ,13,$910.00 ,$273.00 ,$182.00 
Dancefloor Install,$950.00 ,1,$950.00 ,$285.00 ,$95.00 
Dancefloor Install,$950.00 ,1,$950.00 ,$285.00 ,$95.00 
Dancefloor Install,$950.00 ,1,$950.00 ,$285.00 ,$95.00 
Dancefloor Install,$950.00 ,1,$950.00 ,$285.00 ,$95.00 
Dancefloor Install,$950.00 ,1,$950.00 ,$285.00 ,$95.00 
Dancefloor Install,$950.00 ,1,$950.00 ,$285.00 ,$95.00 
Dancefloor Install,$950.00 ,1,$950.00 ,$285.00 ,$95.00 
Dancefloor Install,$950.00 ,1,$950.00 ,$285.00 ,$95.00 
Dancefloor Install,$950.00 ,1,$950.00 ,$285.00 ,$95.00 
Dancefloor Install,$950.00 ,1,$950.00 ,$285.00 ,$95.00 
Bridesmaid Bouquet,$80.00 ,12,$960.00 ,$288.00 ,$192.00 
Small Arrangement,$75.00 ,13,$975.00 ,$292.50 ,$195.00 
Small Arrangement,$75.00 ,13,$975.00 ,$292.50 ,$195.00 
Flower Cloud,$325.00 ,3,$975.00 ,$292.50 ,$97.50 
Flower Cloud,$325.00 ,3,$975.00 ,$292.50 ,$97.50 
Bridesmaid Bouquet,$70.00 ,14,$980.00 ,$294.00 ,$196.00 
Bridesmaid Bouquet,$90.00 ,11,$990.00 ,$297.00 ,$198.00 
Bridesmaid Bouquet,$110.00 ,9,$990.00 ,$297.00 ,$148.50 
Bridesmaid Bouquet,$100.00 ,10,"$1,000.00 ",$300.00 ,$200.00 
Medium Arrangement,$125.00 ,8,"$1,000.00 ",$300.00 ,$150.00 
Medium Arrangement,$125.00 ,8,"$1,000.00 ",$300.00 ,$150.00 
Medium Arrangement,$125.00 ,8,"$1,000.00 ",$300.00 ,$150.00 
Medium Arrangement,$125.00 ,8,"$1,000.00 ",$300.00 ,$150.00 
Medium Arrangement,$125.00 ,8,"$1,000.00 ",$300.00 ,$150.00 
Medium Arrangement,$125.00 ,8,"$1,000.00 ",$300.00 ,$150.00 
Large Arrangement,$200.00 ,5,"$1,000.00 ",$300.00 ,$100.00 
Large Arrangement,$200.00 ,5,"$1,000.00 ",$300.00 ,$100.00 
Large Arrangement,$200.00 ,5,"$1,000.00 ",$300.00 ,$100.00 
Large Arrangement,$200.00 ,5,"$1,000.00 ",$300.00 ,$100.00 
Large Arrangement,$200.00 ,5,"$1,000.00 ",$300.00 ,$100.00 
Large Arrangement,$200.00 ,5,"$1,000.00 ",$300.00 ,$100.00 
Flower Cloud,$250.00 ,4,"$1,000.00 ",$300.00 ,$100.00 
Cascading Flowers,$500.00 ,2,"$1,000.00 ",$300.00 ,$100.00 
Flower Arch,$500.00 ,2,"$1,000.00 ",$300.00 ,$100.00 
Flower Ground Meadow,$500.00 ,2,"$1,000.00 ",$300.00 ,$100.00 
Flower Ground Meadow,$500.00 ,2,"$1,000.00 ",$300.00 ,$100.00 
Flower Ground Meadow,$500.00 ,2,"$1,000.00 ",$300.00 ,$100.00 
Flower Ground Meadow,$500.00 ,2,"$1,000.00 ",$300.00 ,$100.00 
Flower Ground Meadow,$500.00 ,2,"$1,000.00 ",$300.00 ,$100.00 
Flower Ground Meadow,"$1,000.00 ",1,"$1,000.00 ",$300.00 ,$100.00 
Flower Ground Meadow,"$1,000.00 ",1,"$1,000.00 ",$300.00 ,$100.00 
Flower Ground Meadow,"$1,000.00 ",1,"$1,000.00 ",$300.00 ,$100.00 
Flower Ground Meadow,"$1,000.00 ",1,"$1,000.00 ",$300.00 ,$100.00 
Flower Ground Meadow,"$1,000.00 ",1,"$1,000.00 ",$300.00 ,$100.00 
Flower Ground Meadow,"$1,000.00 ",1,"$1,000.00 ",$300.00 ,$100.00 
Flower Ground Meadow,"$1,000.00 ",1,"$1,000.00 ",$300.00 ,$100.00 
Flower Ground Meadow,"$1,000.00 ",1,"$1,000.00 ",$300.00 ,$100.00 
Flower Ground Meadow,"$1,000.00 ",1,"$1,000.00 ",$300.00 ,$100.00 
Flower Ground Meadow,"$1,000.00 ",1,"$1,000.00 ",$300.00 ,$100.00 
Flower Ground Meadow,"$1,000.00 ",1,"$1,000.00 ",$300.00 ,$100.00 
Flower Ground Meadow,"$1,000.00 ",1,"$1,000.00 ",$300.00 ,$100.00 
Flower Ground Meadow,"$1,000.00 ",1,"$1,000.00 ",$300.00 ,$100.00 
Flower Ground Meadow,"$1,000.00 ",1,"$1,000.00 ",$300.00 ,$100.00 
Flower Ground Meadow,"$1,000.00 ",1,"$1,000.00 ",$300.00 ,$100.00 
Flower Ground Meadow,"$1,000.00 ",1,"$1,000.00 ",$300.00 ,$100.00 
Flower Ground Meadow,"$1,000.00 ",1,"$1,000.00 ",$300.00 ,$100.00 
Flower Ground Meadow,"$1,000.00 ",1,"$1,000.00 ",$300.00 ,$100.00 
Flower Ground Meadow,"$1,000.00 ",1,"$1,000.00 ",$300.00 ,$100.00 
Flower Ground Meadow,"$1,000.00 ",1,"$1,000.00 ",$300.00 ,$100.00 
Flower Ground Meadow,"$1,000.00 ",1,"$1,000.00 ",$300.00 ,$100.00 
Flower Ground Meadow,"$1,000.00 ",1,"$1,000.00 ",$300.00 ,$100.00 
Flower Ground Meadow,"$1,000.00 ",1,"$1,000.00 ",$300.00 ,$100.00 
Flower Ground Meadow,"$1,000.00 ",1,"$1,000.00 ",$300.00 ,$100.00 
Flower Ground Meadow,"$1,000.00 ",1,"$1,000.00 ",$300.00 ,$100.00 
Flower Ground Meadow,"$1,000.00 ",1,"$1,000.00 ",$300.00 ,$100.00 
Flower Ground Meadow,"$1,000.00 ",1,"$1,000.00 ",$300.00 ,$100.00 
Flower Ground Meadow,"$1,000.00 ",1,"$1,000.00 ",$300.00 ,$100.00 
Flower Ground Meadow,"$1,000.00 ",1,"$1,000.00 ",$300.00 ,$100.00 
Flower Ground Meadow,"$1,000.00 ",1,"$1,000.00 ",$300.00 ,$100.00 
Flower Ground Meadow,"$1,000.00 ",1,"$1,000.00 ",$300.00 ,$100.00 
Flower Ground Meadow,"$1,000.00 ",1,"$1,000.00 ",$300.00 ,$100.00 
Flower Ground Meadow,"$1,000.00 ",1,"$1,000.00 ",$300.00 ,$100.00 
Flower Ground Meadow,"$1,000.00 ",1,"$1,000.00 ",$300.00 ,$100.00 
Flower Ground Meadow,"$1,000.00 ",1,"$1,000.00 ",$300.00 ,$100.00 
Flower Ground Meadow,"$1,000.00 ",1,"$1,000.00 ",$300.00 ,$100.00 
Flower Ground Meadow,"$1,000.00 ",1,"$1,000.00 ",$300.00 ,$100.00 
Flower Ground Meadow,"$1,000.00 ",1,"$1,000.00 ",$300.00 ,$100.00 
Flower Ground Meadow,"$1,000.00 ",1,"$1,000.00 ",$300.00 ,$100.00 
Flower Ground Meadow,"$1,000.00 ",1,"$1,000.00 ",$300.00 ,$100.00 
Flower Ground Meadow,"$1,000.00 ",1,"$1,000.00 ",$300.00 ,$100.00 
Flower Ground Meadow,"$1,000.00 ",1,"$1,000.00 ",$300.00 ,$100.00 
Flower Ground Meadow,"$1,000.00 ",1,"$1,000.00 ",$300.00 ,$100.00 
Flower Ground Meadow,"$1,000.00 ",1,"$1,000.00 ",$300.00 ,$100.00 
Flower Ground Meadow,"$1,000.00 ",1,"$1,000.00 ",$300.00 ,$100.00 
Large Arrangement,$335.00 ,3,"$1,005.00 ",$301.50 ,$100.50 
Large Arrangement,$335.00 ,3,"$1,005.00 ",$301.50 ,$100.50 
Large Arrangement,$335.00 ,3,"$1,005.00 ",$301.50 ,$100.50 
Bridesmaid Bouquet,$80.00 ,13,"$1,040.00 ",$312.00 ,$208.00 
Bridesmaid Bouquet,$70.00 ,15,"$1,050.00 ",$315.00 ,$210.00 
Small Arrangement,$75.00 ,14,"$1,050.00 ",$315.00 ,$210.00 
Small Arrangement,$75.00 ,14,"$1,050.00 ",$315.00 ,$210.00 
Small Arrangement,$75.00 ,14,"$1,050.00 ",$315.00 ,$210.00 
Medium Arrangement,$150.00 ,7,"$1,050.00 ",$315.00 ,$157.50 
Medium Arrangement,$150.00 ,7,"$1,050.00 ",$315.00 ,$157.50 
Medium Arrangement,$150.00 ,7,"$1,050.00 ",$315.00 ,$157.50 
Medium Arrangement,$150.00 ,7,"$1,050.00 ",$315.00 ,$157.50 
Medium Arrangement,$150.00 ,7,"$1,050.00 ",$315.00 ,$157.50 
Medium Arrangement,$150.00 ,7,"$1,050.00 ",$315.00 ,$157.50 
Medium Arrangement,$150.00 ,7,"$1,050.00 ",$315.00 ,$157.50 
Cascading Flowers,$350.00 ,3,"$1,050.00 ",$315.00 ,$105.00 
Flower Cloud,$350.00 ,3,"$1,050.00 ",$315.00 ,$105.00 
Flower Cloud,$350.00 ,3,"$1,050.00 ",$315.00 ,$105.00 
Flower Cloud,$350.00 ,3,"$1,050.00 ",$315.00 ,$105.00 
Flower Cloud,$350.00 ,3,"$1,050.00 ",$315.00 ,$105.00 
Flower Cloud,$350.00 ,3,"$1,050.00 ",$315.00 ,$105.00 
Large Arrangement,$350.00 ,3,"$1,050.00 ",$315.00 ,$105.00 
Large Arrangement,$350.00 ,3,"$1,050.00 ",$315.00 ,$105.00 
Bridesmaid Bouquet,$90.00 ,12,"$1,080.00 ",$324.00 ,$216.00 
Bridesmaid Bouquet,$100.00 ,11,"$1,100.00 ",$330.00 ,$220.00 
Bridesmaid Bouquet,$110.00 ,10,"$1,100.00 ",$330.00 ,$220.00 
Cascading Flowers,$550.00 ,2,"$1,100.00 ",$330.00 ,$110.00 
Flower Arch,"$1,100.00 ",1,"$1,100.00 ",$330.00 ,$110.00 
Flower Arch,"$1,100.00 ",1,"$1,100.00 ",$330.00 ,$110.00 
Flower Arch,"$1,100.00 ",1,"$1,100.00 ",$330.00 ,$110.00 
Flower Arch,"$1,100.00 ",1,"$1,100.00 ",$330.00 ,$110.00 
Flower Ground Meadow,"$1,100.00 ",1,"$1,100.00 ",$330.00 ,$110.00 
Flower Ground Meadow,"$1,100.00 ",1,"$1,100.00 ",$330.00 ,$110.00 
Flower Ground Meadow,"$1,100.00 ",1,"$1,100.00 ",$330.00 ,$110.00 
Flower Ground Meadow,"$1,100.00 ",1,"$1,100.00 ",$330.00 ,$110.00 
Flower Ground Meadow,"$1,100.00 ",1,"$1,100.00 ",$330.00 ,$110.00 
Flower Ground Meadow,"$1,100.00 ",1,"$1,100.00 ",$330.00 ,$110.00 
Flower Ground Meadow,"$1,100.00 ",1,"$1,100.00 ",$330.00 ,$110.00 
Flower Ground Meadow,"$1,100.00 ",1,"$1,100.00 ",$330.00 ,$110.00 
Flower Ground Meadow,"$1,100.00 ",1,"$1,100.00 ",$330.00 ,$110.00 
Flower Ground Meadow,"$1,100.00 ",1,"$1,100.00 ",$330.00 ,$110.00 
Flower Ground Meadow,"$1,100.00 ",1,"$1,100.00 ",$330.00 ,$110.00 
Flower Ground Meadow,"$1,100.00 ",1,"$1,100.00 ",$330.00 ,$110.00 
Flower Ground Meadow,"$1,100.00 ",1,"$1,100.00 ",$330.00 ,$110.00 
Flower Ground Meadow,"$1,100.00 ",1,"$1,100.00 ",$330.00 ,$110.00 
Flower Ground Meadow,"$1,100.00 ",1,"$1,100.00 ",$330.00 ,$110.00 
Flower Ground Meadow,"$1,100.00 ",1,"$1,100.00 ",$330.00 ,$110.00 
Flower Ground Meadow,"$1,100.00 ",1,"$1,100.00 ",$330.00 ,$110.00 
Flower Ground Meadow,"$1,100.00 ",1,"$1,100.00 ",$330.00 ,$110.00 
Flower Ground Meadow,"$1,100.00 ",1,"$1,100.00 ",$330.00 ,$110.00 
Flower Ground Meadow,"$1,100.00 ",1,"$1,100.00 ",$330.00 ,$110.00 
Flower Ground Meadow,"$1,100.00 ",1,"$1,100.00 ",$330.00 ,$110.00 
Flower Ground Meadow,"$1,100.00 ",1,"$1,100.00 ",$330.00 ,$110.00 
Flower Ground Meadow,"$1,100.00 ",1,"$1,100.00 ",$330.00 ,$110.00 
Flower Ground Meadow,"$1,100.00 ",1,"$1,100.00 ",$330.00 ,$110.00 
Flower Ground Meadow,"$1,100.00 ",1,"$1,100.00 ",$330.00 ,$110.00 
Flower Ground Meadow,"$1,100.00 ",1,"$1,100.00 ",$330.00 ,$110.00 
Flower Ground Meadow,"$1,100.00 ",1,"$1,100.00 ",$330.00 ,$110.00 
Flower Ground Meadow,"$1,100.00 ",1,"$1,100.00 ",$330.00 ,$110.00 
Flower Ground Meadow,"$1,100.00 ",1,"$1,100.00 ",$330.00 ,$110.00 
Flower Ground Meadow,"$1,100.00 ",1,"$1,100.00 ",$330.00 ,$110.00 
Flower Ground Meadow,"$1,100.00 ",1,"$1,100.00 ",$330.00 ,$110.00 
Flower Ground Meadow,"$1,100.00 ",1,"$1,100.00 ",$330.00 ,$110.00 
Flower Ground Meadow,"$1,100.00 ",1,"$1,100.00 ",$330.00 ,$110.00 
Flower Ground Meadow,"$1,100.00 ",1,"$1,100.00 ",$330.00 ,$110.00 
Flower Ground Meadow,"$1,100.00 ",1,"$1,100.00 ",$330.00 ,$110.00 
Flower Ground Meadow,"$1,100.00 ",1,"$1,100.00 ",$330.00 ,$110.00 
Flower Ground Meadow,"$1,100.00 ",1,"$1,100.00 ",$330.00 ,$110.00 
Flower Ground Meadow,"$1,100.00 ",1,"$1,100.00 ",$330.00 ,$110.00 
Flower Ground Meadow,"$1,100.00 ",1,"$1,100.00 ",$330.00 ,$110.00 
Flower Ground Meadow,"$1,100.00 ",1,"$1,100.00 ",$330.00 ,$110.00 
Flower Ground Meadow,"$1,100.00 ",1,"$1,100.00 ",$330.00 ,$110.00 
Flower Ground Meadow,"$1,100.00 ",1,"$1,100.00 ",$330.00 ,$110.00 
Flower Ground Meadow,"$1,100.00 ",1,"$1,100.00 ",$330.00 ,$110.00 
Flower Ground Meadow,"$1,100.00 ",1,"$1,100.00 ",$330.00 ,$110.00 
Flower Ground Meadow,"$1,100.00 ",1,"$1,100.00 ",$330.00 ,$110.00 
Flower Ground Meadow,"$1,100.00 ",1,"$1,100.00 ",$330.00 ,$110.00 
Flower Ground Meadow,"$1,100.00 ",1,"$1,100.00 ",$330.00 ,$110.00 
Flower Ground Meadow,"$1,100.00 ",1,"$1,100.00 ",$330.00 ,$110.00 
Flower Ground Meadow,"$1,100.00 ",1,"$1,100.00 ",$330.00 ,$110.00 
Bridesmaid Bouquet,$80.00 ,14,"$1,120.00 ",$336.00 ,$224.00 
Small Arrangement,$75.00 ,15,"$1,125.00 ",$337.50 ,$225.00 
Medium Arrangement,$125.00 ,9,"$1,125.00 ",$337.50 ,$168.75 
Medium Arrangement,$125.00 ,9,"$1,125.00 ",$337.50 ,$168.75 
Medium Arrangement,$125.00 ,9,"$1,125.00 ",$337.50 ,$168.75 
Flower Cloud,$375.00 ,3,"$1,125.00 ",$337.50 ,$112.50 
Flower Cloud,$375.00 ,3,"$1,125.00 ",$337.50 ,$112.50 
Bridesmaid Bouquet,$90.00 ,13,"$1,170.00 ",$351.00 ,$234.00 
Bridesmaid Bouquet,$80.00 ,15,"$1,200.00 ",$360.00 ,$240.00 
Bridesmaid Bouquet,$100.00 ,12,"$1,200.00 ",$360.00 ,$240.00 
Medium Arrangement,$150.00 ,8,"$1,200.00 ",$360.00 ,$180.00 
Medium Arrangement,$150.00 ,8,"$1,200.00 ",$360.00 ,$180.00 
Medium Arrangement,$150.00 ,8,"$1,200.00 ",$360.00 ,$180.00 
Medium Arrangement,$150.00 ,8,"$1,200.00 ",$360.00 ,$180.00 
Medium Arrangement,$150.00 ,8,"$1,200.00 ",$360.00 ,$180.00 
Large Arrangement,$200.00 ,6,"$1,200.00 ",$360.00 ,$180.00 
Cascading Flowers,$300.00 ,4,"$1,200.00 ",$360.00 ,$120.00 
Cascading Flowers,$400.00 ,3,"$1,200.00 ",$360.00 ,$120.00 
Cascading Flowers,$400.00 ,3,"$1,200.00 ",$360.00 ,$120.00 
Flower Cloud,$400.00 ,3,"$1,200.00 ",$360.00 ,$120.00 
Flower Cloud,$400.00 ,3,"$1,200.00 ",$360.00 ,$120.00 
Flower Cloud,$400.00 ,3,"$1,200.00 ",$360.00 ,$120.00 
Flower Cloud,$400.00 ,3,"$1,200.00 ",$360.00 ,$120.00 
Large Arrangement,$400.00 ,3,"$1,200.00 ",$360.00 ,$120.00 
Large Arrangement,$400.00 ,3,"$1,200.00 ",$360.00 ,$120.00 
Cascading Flowers,$600.00 ,2,"$1,200.00 ",$360.00 ,$120.00 
Flower Ground Meadow,$600.00 ,2,"$1,200.00 ",$360.00 ,$120.00 
Flower Ground Meadow,$600.00 ,2,"$1,200.00 ",$360.00 ,$120.00 
Flower Ground Meadow,$600.00 ,2,"$1,200.00 ",$360.00 ,$120.00 
Flower Ground Meadow,$600.00 ,2,"$1,200.00 ",$360.00 ,$120.00 
Flower Ground Meadow,$600.00 ,2,"$1,200.00 ",$360.00 ,$120.00 
Flower Ground Meadow,$600.00 ,2,"$1,200.00 ",$360.00 ,$120.00 
Flower Ground Meadow,$600.00 ,2,"$1,200.00 ",$360.00 ,$120.00 
Flower Ground Meadow,$600.00 ,2,"$1,200.00 ",$360.00 ,$120.00 
Flower Ground Meadow,"$1,200.00 ",1,"$1,200.00 ",$360.00 ,$120.00 
Flower Ground Meadow,"$1,200.00 ",1,"$1,200.00 ",$360.00 ,$120.00 
Flower Ground Meadow,"$1,200.00 ",1,"$1,200.00 ",$360.00 ,$120.00 
Flower Ground Meadow,"$1,200.00 ",1,"$1,200.00 ",$360.00 ,$120.00 
Flower Ground Meadow,"$1,200.00 ",1,"$1,200.00 ",$360.00 ,$120.00 
Flower Ground Meadow,"$1,200.00 ",1,"$1,200.00 ",$360.00 ,$120.00 
Flower Ground Meadow,"$1,200.00 ",1,"$1,200.00 ",$360.00 ,$120.00 
Flower Ground Meadow,"$1,200.00 ",1,"$1,200.00 ",$360.00 ,$120.00 
Flower Ground Meadow,"$1,200.00 ",1,"$1,200.00 ",$360.00 ,$120.00 
Flower Ground Meadow,"$1,200.00 ",1,"$1,200.00 ",$360.00 ,$120.00 
Flower Ground Meadow,"$1,200.00 ",1,"$1,200.00 ",$360.00 ,$120.00 
Flower Ground Meadow,"$1,200.00 ",1,"$1,200.00 ",$360.00 ,$120.00 
Flower Ground Meadow,"$1,200.00 ",1,"$1,200.00 ",$360.00 ,$120.00 
Flower Ground Meadow,"$1,200.00 ",1,"$1,200.00 ",$360.00 ,$120.00 
Flower Ground Meadow,"$1,200.00 ",1,"$1,200.00 ",$360.00 ,$120.00 
Flower Ground Meadow,"$1,200.00 ",1,"$1,200.00 ",$360.00 ,$120.00 
Flower Ground Meadow,"$1,200.00 ",1,"$1,200.00 ",$360.00 ,$120.00 
Flower Ground Meadow,"$1,200.00 ",1,"$1,200.00 ",$360.00 ,$120.00 
Flower Ground Meadow,"$1,200.00 ",1,"$1,200.00 ",$360.00 ,$120.00 
Flower Ground Meadow,"$1,200.00 ",1,"$1,200.00 ",$360.00 ,$120.00 
Flower Ground Meadow,"$1,200.00 ",1,"$1,200.00 ",$360.00 ,$120.00 
Flower Ground Meadow,"$1,200.00 ",1,"$1,200.00 ",$360.00 ,$120.00 
Flower Ground Meadow,"$1,200.00 ",1,"$1,200.00 ",$360.00 ,$120.00 
Flower Ground Meadow,"$1,200.00 ",1,"$1,200.00 ",$360.00 ,$120.00 
Flower Ground Meadow,"$1,200.00 ",1,"$1,200.00 ",$360.00 ,$120.00 
Flower Ground Meadow,"$1,200.00 ",1,"$1,200.00 ",$360.00 ,$120.00 
Flower Ground Meadow,"$1,200.00 ",1,"$1,200.00 ",$360.00 ,$120.00 
Flower Ground Meadow,"$1,200.00 ",1,"$1,200.00 ",$360.00 ,$120.00 
Flower Ground Meadow,"$1,200.00 ",1,"$1,200.00 ",$360.00 ,$120.00 
Flower Ground Meadow,"$1,200.00 ",1,"$1,200.00 ",$360.00 ,$120.00 
Flower Ground Meadow,"$1,200.00 ",1,"$1,200.00 ",$360.00 ,$120.00 
Flower Ground Meadow,"$1,200.00 ",1,"$1,200.00 ",$360.00 ,$120.00 
Flower Ground Meadow,"$1,200.00 ",1,"$1,200.00 ",$360.00 ,$120.00 
Flower Ground Meadow,"$1,200.00 ",1,"$1,200.00 ",$360.00 ,$120.00 
Flower Ground Meadow,"$1,200.00 ",1,"$1,200.00 ",$360.00 ,$120.00 
Flower Ground Meadow,"$1,200.00 ",1,"$1,200.00 ",$360.00 ,$120.00 
Flower Ground Meadow,"$1,200.00 ",1,"$1,200.00 ",$360.00 ,$120.00 
Flower Ground Meadow,"$1,200.00 ",1,"$1,200.00 ",$360.00 ,$120.00 
Flower Ground Meadow,"$1,200.00 ",1,"$1,200.00 ",$360.00 ,$120.00 
Flower Ground Meadow,"$1,200.00 ",1,"$1,200.00 ",$360.00 ,$120.00 
Flower Ground Meadow,"$1,200.00 ",1,"$1,200.00 ",$360.00 ,$120.00 
Flower Ground Meadow,"$1,200.00 ",1,"$1,200.00 ",$360.00 ,$120.00 
Flower Ground Meadow,"$1,200.00 ",1,"$1,200.00 ",$360.00 ,$120.00 
Flower Ground Meadow,"$1,200.00 ",1,"$1,200.00 ",$360.00 ,$120.00 
Flower Ground Meadow,"$1,200.00 ",1,"$1,200.00 ",$360.00 ,$120.00 
Flower Ground Meadow,"$1,200.00 ",1,"$1,200.00 ",$360.00 ,$120.00 
Flower Ground Meadow,"$1,200.00 ",1,"$1,200.00 ",$360.00 ,$120.00 
Flower Ground Meadow,"$1,200.00 ",1,"$1,200.00 ",$360.00 ,$120.00 
Bridesmaid Bouquet,$110.00 ,11,"$1,210.00 ",$363.00 ,$242.00 
Medium Arrangement,$175.00 ,7,"$1,225.00 ",$367.50 ,$183.75 
Medium Arrangement,$125.00 ,10,"$1,250.00 ",$375.00 ,$250.00 
Flower Cloud,$250.00 ,5,"$1,250.00 ",$375.00 ,$125.00 
Bridesmaid Bouquet,$90.00 ,14,"$1,260.00 ",$378.00 ,$252.00 
Bridesmaid Bouquet,$100.00 ,13,"$1,300.00 ",$390.00 ,$260.00 
Flower Cloud,$325.00 ,4,"$1,300.00 ",$390.00 ,$130.00 
Flower Cloud,$325.00 ,4,"$1,300.00 ",$390.00 ,$130.00 
Cascading Flowers,$650.00 ,2,"$1,300.00 ",$390.00 ,$130.00 
Bridesmaid Bouquet,$110.00 ,12,"$1,320.00 ",$396.00 ,$264.00 
Large Arrangement,$335.00 ,4,"$1,340.00 ",$402.00 ,$134.00 
Bridesmaid Bouquet,$90.00 ,15,"$1,350.00 ",$405.00 ,$270.00 
Medium Arrangement,$150.00 ,9,"$1,350.00 ",$405.00 ,$202.50 
Medium Arrangement,$150.00 ,9,"$1,350.00 ",$405.00 ,$202.50 
Medium Arrangement,$150.00 ,9,"$1,350.00 ",$405.00 ,$202.50 
Medium Arrangement,$150.00 ,9,"$1,350.00 ",$405.00 ,$202.50 
Medium Arrangement,$150.00 ,9,"$1,350.00 ",$405.00 ,$202.50 
Medium Arrangement,$150.00 ,9,"$1,350.00 ",$405.00 ,$202.50 
Medium Arrangement,$150.00 ,9,"$1,350.00 ",$405.00 ,$202.50 
Cascading Flowers,$450.00 ,3,"$1,350.00 ",$405.00 ,$135.00 
Cascading Flowers,$450.00 ,3,"$1,350.00 ",$405.00 ,$135.00 
Bridesmaid Bouquet,$100.00 ,14,"$1,400.00 ",$420.00 ,$280.00 
Medium Arrangement,$175.00 ,8,"$1,400.00 ",$420.00 ,$210.00 
Large Arrangement,$200.00 ,7,"$1,400.00 ",$420.00 ,$210.00 
Cascading Flowers,$350.00 ,4,"$1,400.00 ",$420.00 ,$140.00 
Flower Cloud,$350.00 ,4,"$1,400.00 ",$420.00 ,$140.00 
Flower Cloud,$350.00 ,4,"$1,400.00 ",$420.00 ,$140.00 
Large Arrangement,$350.00 ,4,"$1,400.00 ",$420.00 ,$140.00 
Large Arrangement,$350.00 ,4,"$1,400.00 ",$420.00 ,$140.00 
Cascading Flowers,$700.00 ,2,"$1,400.00 ",$420.00 ,$140.00 
Dancefloor Install,$700.00 ,2,"$1,400.00 ",$420.00 ,$140.00 
Dancefloor Install,$700.00 ,2,"$1,400.00 ",$420.00 ,$140.00 
Dancefloor Install,$700.00 ,2,"$1,400.00 ",$420.00 ,$140.00 
Dancefloor Install,$700.00 ,2,"$1,400.00 ",$420.00 ,$140.00 
Flower Ground Meadow,$700.00 ,2,"$1,400.00 ",$420.00 ,$140.00 
Flower Ground Meadow,$700.00 ,2,"$1,400.00 ",$420.00 ,$140.00 
Flower Ground Meadow,$700.00 ,2,"$1,400.00 ",$420.00 ,$140.00 
Flower Ground Meadow,$700.00 ,2,"$1,400.00 ",$420.00 ,$140.00 
Flower Ground Meadow,$700.00 ,2,"$1,400.00 ",$420.00 ,$140.00 
Flower Ground Meadow,$700.00 ,2,"$1,400.00 ",$420.00 ,$140.00 
Flower Ground Meadow,$700.00 ,2,"$1,400.00 ",$420.00 ,$140.00 
Flower Ground Meadow,$700.00 ,2,"$1,400.00 ",$420.00 ,$140.00 
Flower Ground Meadow,$700.00 ,2,"$1,400.00 ",$420.00 ,$140.00 
Flower Arch,"$1,400.00 ",1,"$1,400.00 ",$420.00 ,$140.00 
Flower Arch,"$1,400.00 ",1,"$1,400.00 ",$420.00 ,$140.00 
Flower Arch,"$1,400.00 ",1,"$1,400.00 ",$420.00 ,$140.00 
Flower Arch,"$1,400.00 ",1,"$1,400.00 ",$420.00 ,$140.00 
Bridesmaid Bouquet,$110.00 ,13,"$1,430.00 ",$429.00 ,$286.00 
Small Arrangement,$75.00 ,20,"$1,500.00 ",$450.00 ,$300.00 
Medium Arrangement,$125.00 ,12,"$1,500.00 ",$450.00 ,$300.00 
Medium Arrangement,$125.00 ,12,"$1,500.00 ",$450.00 ,$300.00 
Medium Arrangement,$125.00 ,12,"$1,500.00 ",$450.00 ,$300.00 
Medium Arrangement,$150.00 ,10,"$1,500.00 ",$450.00 ,$300.00 
Medium Arrangement,$150.00 ,10,"$1,500.00 ",$450.00 ,$300.00 
Medium Arrangement,$150.00 ,10,"$1,500.00 ",$450.00 ,$300.00 
Flower Cloud,$375.00 ,4,"$1,500.00 ",$450.00 ,$150.00 
Cascading Flowers,$500.00 ,3,"$1,500.00 ",$450.00 ,$150.00 
Cascading Flowers,$500.00 ,3,"$1,500.00 ",$450.00 ,$150.00 
Cascading Flowers,$500.00 ,3,"$1,500.00 ",$450.00 ,$150.00 
Flower Ground Meadow,$500.00 ,3,"$1,500.00 ",$450.00 ,$150.00 
Flower Ground Meadow,$500.00 ,3,"$1,500.00 ",$450.00 ,$150.00 
Flower Ground Meadow,$500.00 ,3,"$1,500.00 ",$450.00 ,$150.00 
Flower Ground Meadow,$500.00 ,3,"$1,500.00 ",$450.00 ,$150.00 
Flower Ground Meadow,$500.00 ,3,"$1,500.00 ",$450.00 ,$150.00 
Flower Ground Meadow,$500.00 ,3,"$1,500.00 ",$450.00 ,$150.00 
Flower Ground Meadow,$500.00 ,3,"$1,500.00 ",$450.00 ,$150.00 
Flower Ground Meadow,$500.00 ,3,"$1,500.00 ",$450.00 ,$150.00 
Flower Ground Meadow,$500.00 ,3,"$1,500.00 ",$450.00 ,$150.00 
Flower Ground Meadow,$500.00 ,3,"$1,500.00 ",$450.00 ,$150.00 
Flower Ground Meadow,$500.00 ,3,"$1,500.00 ",$450.00 ,$150.00 
Flower Ground Meadow,$500.00 ,3,"$1,500.00 ",$450.00 ,$150.00 
Flower Ground Meadow,$500.00 ,3,"$1,500.00 ",$450.00 ,$150.00 
Flower Ground Meadow,$500.00 ,3,"$1,500.00 ",$450.00 ,$150.00 
Dancefloor Install,$750.00 ,2,"$1,500.00 ",$450.00 ,$150.00 
Dancefloor Install,$750.00 ,2,"$1,500.00 ",$450.00 ,$150.00 
Dancefloor Install,$750.00 ,2,"$1,500.00 ",$450.00 ,$150.00 
Dancefloor Install,$750.00 ,2,"$1,500.00 ",$450.00 ,$150.00 
Dancefloor Install,$750.00 ,2,"$1,500.00 ",$450.00 ,$150.00 
Dancefloor Install,$750.00 ,2,"$1,500.00 ",$450.00 ,$150.00 
Dancefloor Install,$750.00 ,2,"$1,500.00 ",$450.00 ,$150.00 
Dancefloor Install,$750.00 ,2,"$1,500.00 ",$450.00 ,$150.00 
Dancefloor Install,$750.00 ,2,"$1,500.00 ",$450.00 ,$150.00 
Medium Arrangement,$175.00 ,9,"$1,575.00 ",$472.50 ,$236.25 
Medium Arrangement,$175.00 ,9,"$1,575.00 ",$472.50 ,$236.25 
Large Arrangement,$200.00 ,8,"$1,600.00 ",$480.00 ,$240.00 
Large Arrangement,$200.00 ,8,"$1,600.00 ",$480.00 ,$240.00 
Large Arrangement,$200.00 ,8,"$1,600.00 ",$480.00 ,$240.00 
Cascading Flowers,$400.00 ,4,"$1,600.00 ",$480.00 ,$160.00 
Flower Cloud,$400.00 ,4,"$1,600.00 ",$480.00 ,$160.00 
Flower Cloud,$400.00 ,4,"$1,600.00 ",$480.00 ,$160.00 
Flower Cloud,$400.00 ,4,"$1,600.00 ",$480.00 ,$160.00 
Flower Cloud,$400.00 ,4,"$1,600.00 ",$480.00 ,$160.00 
Flower Cloud,$400.00 ,4,"$1,600.00 ",$480.00 ,$160.00 
Flower Cloud,$400.00 ,4,"$1,600.00 ",$480.00 ,$160.00 
Large Arrangement,$400.00 ,4,"$1,600.00 ",$480.00 ,$160.00 
Large Arrangement,$400.00 ,4,"$1,600.00 ",$480.00 ,$160.00 
Dancefloor Install,$800.00 ,2,"$1,600.00 ",$480.00 ,$160.00 
Dancefloor Install,$800.00 ,2,"$1,600.00 ",$480.00 ,$160.00 
Dancefloor Install,$800.00 ,2,"$1,600.00 ",$480.00 ,$160.00 
Dancefloor Install,$800.00 ,2,"$1,600.00 ",$480.00 ,$160.00 
Dancefloor Install,$800.00 ,2,"$1,600.00 ",$480.00 ,$160.00 
Dancefloor Install,$800.00 ,2,"$1,600.00 ",$480.00 ,$160.00 
Dancefloor Install,$800.00 ,2,"$1,600.00 ",$480.00 ,$160.00 
Flower Ground Meadow,$800.00 ,2,"$1,600.00 ",$480.00 ,$160.00 
Flower Ground Meadow,$800.00 ,2,"$1,600.00 ",$480.00 ,$160.00 
Flower Ground Meadow,$800.00 ,2,"$1,600.00 ",$480.00 ,$160.00 
Flower Ground Meadow,$800.00 ,2,"$1,600.00 ",$480.00 ,$160.00 
Flower Ground Meadow,$800.00 ,2,"$1,600.00 ",$480.00 ,$160.00 
Cascading Flowers,$550.00 ,3,"$1,650.00 ",$495.00 ,$165.00 
Cascading Flowers,$550.00 ,3,"$1,650.00 ",$495.00 ,$165.00 
Large Arrangement,$335.00 ,5,"$1,675.00 ",$502.50 ,$167.50 
Large Arrangement,$335.00 ,5,"$1,675.00 ",$502.50 ,$167.50 
Large Arrangement,$335.00 ,5,"$1,675.00 ",$502.50 ,$167.50 
Large Arrangement,$335.00 ,5,"$1,675.00 ",$502.50 ,$167.50 
Large Arrangement,$335.00 ,5,"$1,675.00 ",$502.50 ,$167.50 
Large Arrangement,$335.00 ,5,"$1,675.00 ",$502.50 ,$167.50 
Large Arrangement,$335.00 ,5,"$1,675.00 ",$502.50 ,$167.50 
Large Arrangement,$335.00 ,5,"$1,675.00 ",$502.50 ,$167.50 
Dancefloor Install,$850.00 ,2,"$1,700.00 ",$510.00 ,$170.00 
Dancefloor Install,$850.00 ,2,"$1,700.00 ",$510.00 ,$170.00 
Dancefloor Install,$850.00 ,2,"$1,700.00 ",$510.00 ,$170.00 
Dancefloor Install,$850.00 ,2,"$1,700.00 ",$510.00 ,$170.00 
Flower Arch,"$1,700.00 ",1,"$1,700.00 ",$510.00 ,$170.00 
Flower Arch,"$1,700.00 ",1,"$1,700.00 ",$510.00 ,$170.00 
Flower Arch,"$1,700.00 ",1,"$1,700.00 ",$510.00 ,$170.00 
Flower Arch,"$1,700.00 ",1,"$1,700.00 ",$510.00 ,$170.00 
Medium Arrangement,$175.00 ,10,"$1,750.00 ",$525.00 ,$350.00 
Medium Arrangement,$175.00 ,10,"$1,750.00 ",$525.00 ,$350.00 
Medium Arrangement,$150.00 ,12,"$1,800.00 ",$540.00 ,$360.00 
Large Arrangement,$200.00 ,9,"$1,800.00 ",$540.00 ,$270.00 
Large Arrangement,$200.00 ,9,"$1,800.00 ",$540.00 ,$270.00 
Cascading Flowers,$450.00 ,4,"$1,800.00 ",$540.00 ,$180.00 
Cascading Flowers,$600.00 ,3,"$1,800.00 ",$540.00 ,$180.00 
Flower Ground Meadow,$600.00 ,3,"$1,800.00 ",$540.00 ,$180.00 
Flower Ground Meadow,$600.00 ,3,"$1,800.00 ",$540.00 ,$180.00 
Flower Ground Meadow,$600.00 ,3,"$1,800.00 ",$540.00 ,$180.00 
Flower Ground Meadow,$600.00 ,3,"$1,800.00 ",$540.00 ,$180.00 
Flower Ground Meadow,$600.00 ,3,"$1,800.00 ",$540.00 ,$180.00 
Flower Ground Meadow,$600.00 ,3,"$1,800.00 ",$540.00 ,$180.00 
Flower Ground Meadow,$600.00 ,3,"$1,800.00 ",$540.00 ,$180.00 
Flower Ground Meadow,$600.00 ,3,"$1,800.00 ",$540.00 ,$180.00 
Flower Ground Meadow,$600.00 ,3,"$1,800.00 ",$540.00 ,$180.00 
Flower Ground Meadow,$600.00 ,3,"$1,800.00 ",$540.00 ,$180.00 
Flower Ground Meadow,$600.00 ,3,"$1,800.00 ",$540.00 ,$180.00 
Flower Ground Meadow,$600.00 ,3,"$1,800.00 ",$540.00 ,$180.00 
Flower Ground Meadow,$600.00 ,3,"$1,800.00 ",$540.00 ,$180.00 
Dancefloor Install,$900.00 ,2,"$1,800.00 ",$540.00 ,$180.00 
Dancefloor Install,$900.00 ,2,"$1,800.00 ",$540.00 ,$180.00 
Dancefloor Install,$900.00 ,2,"$1,800.00 ",$540.00 ,$180.00 
Dancefloor Install,$900.00 ,2,"$1,800.00 ",$540.00 ,$180.00 
Dancefloor Install,$900.00 ,2,"$1,800.00 ",$540.00 ,$180.00 
Dancefloor Install,$900.00 ,2,"$1,800.00 ",$540.00 ,$180.00 
Dancefloor Install,$900.00 ,2,"$1,800.00 ",$540.00 ,$180.00 
Dancefloor Install,$900.00 ,2,"$1,800.00 ",$540.00 ,$180.00 
Dancefloor Install,$900.00 ,2,"$1,800.00 ",$540.00 ,$180.00 
Flower Ground Meadow,$900.00 ,2,"$1,800.00 ",$540.00 ,$180.00 
Flower Ground Meadow,$900.00 ,2,"$1,800.00 ",$540.00 ,$180.00 
Flower Ground Meadow,$900.00 ,2,"$1,800.00 ",$540.00 ,$180.00 
Flower Arch,"$1,800.00 ",1,"$1,800.00 ",$540.00 ,$180.00 
Flower Arch,"$1,800.00 ",1,"$1,800.00 ",$540.00 ,$180.00 
Flower Arch,"$1,800.00 ",1,"$1,800.00 ",$540.00 ,$180.00 
Flower Arch,"$1,800.00 ",1,"$1,800.00 ",$540.00 ,$180.00 
Flower Arch,"$1,800.00 ",1,"$1,800.00 ",$540.00 ,$180.00 
Flower Arch,"$1,800.00 ",1,"$1,800.00 ",$540.00 ,$180.00 
Flower Arch,"$1,800.00 ",1,"$1,800.00 ",$540.00 ,$180.00 
Flower Arch,"$1,800.00 ",1,"$1,800.00 ",$540.00 ,$180.00 
Flower Arch,"$1,800.00 ",1,"$1,800.00 ",$540.00 ,$180.00 
Flower Arch,"$1,800.00 ",1,"$1,800.00 ",$540.00 ,$180.00 
Dancefloor Install,$950.00 ,2,"$1,900.00 ",$570.00 ,$190.00 
Dancefloor Install,$950.00 ,2,"$1,900.00 ",$570.00 ,$190.00 
Dancefloor Install,$950.00 ,2,"$1,900.00 ",$570.00 ,$190.00 
Dancefloor Install,$950.00 ,2,"$1,900.00 ",$570.00 ,$190.00 
Cascading Flowers,$650.00 ,3,"$1,950.00 ",$585.00 ,$195.00 
Cascading Flowers,$650.00 ,3,"$1,950.00 ",$585.00 ,$195.00 
Large Arrangement,$200.00 ,10,"$2,000.00 ",$600.00 ,$400.00 
Flower Cloud,$400.00 ,5,"$2,000.00 ",$600.00 ,$200.00 
Flower Cloud,$400.00 ,5,"$2,000.00 ",$600.00 ,$200.00 
Flower Cloud,$400.00 ,5,"$2,000.00 ",$600.00 ,$200.00 
Large Arrangement,$400.00 ,5,"$2,000.00 ",$600.00 ,$200.00 
Cascading Flowers,$500.00 ,4,"$2,000.00 ",$600.00 ,$200.00 
Flower Ground Meadow,$500.00 ,4,"$2,000.00 ",$600.00 ,$200.00 
Flower Ground Meadow,$500.00 ,4,"$2,000.00 ",$600.00 ,$200.00 
Flower Ground Meadow,$500.00 ,4,"$2,000.00 ",$600.00 ,$200.00 
Flower Ground Meadow,$500.00 ,4,"$2,000.00 ",$600.00 ,$200.00 
Flower Ground Meadow,"$1,000.00 ",2,"$2,000.00 ",$600.00 ,$200.00 
Flower Ground Meadow,"$1,000.00 ",2,"$2,000.00 ",$600.00 ,$200.00 
Flower Ground Meadow,"$1,000.00 ",2,"$2,000.00 ",$600.00 ,$200.00 
Flower Ground Meadow,"$1,000.00 ",2,"$2,000.00 ",$600.00 ,$200.00 
Flower Ground Meadow,"$1,000.00 ",2,"$2,000.00 ",$600.00 ,$200.00 
Flower Ground Meadow,"$1,000.00 ",2,"$2,000.00 ",$600.00 ,$200.00 
Flower Ground Meadow,"$1,000.00 ",2,"$2,000.00 ",$600.00 ,$200.00 
Flower Ground Meadow,"$1,000.00 ",2,"$2,000.00 ",$600.00 ,$200.00 
Flower Ground Meadow,"$1,000.00 ",2,"$2,000.00 ",$600.00 ,$200.00 
Flower Ground Meadow,"$1,000.00 ",2,"$2,000.00 ",$600.00 ,$200.00 
Flower Arch,"$2,000.00 ",1,"$2,000.00 ",$600.00 ,$200.00 
Flower Arch,"$2,000.00 ",1,"$2,000.00 ",$600.00 ,$200.00 
Flower Arch,"$2,000.00 ",1,"$2,000.00 ",$600.00 ,$200.00 
Flower Arch,"$2,000.00 ",1,"$2,000.00 ",$600.00 ,$200.00 
Large Arrangement,$335.00 ,6,"$2,010.00 ",$603.00 ,$301.50 
Large Arrangement,$335.00 ,6,"$2,010.00 ",$603.00 ,$301.50 
Medium Arrangement,$175.00 ,12,"$2,100.00 ",$630.00 ,$420.00 
Medium Arrangement,$175.00 ,12,"$2,100.00 ",$630.00 ,$420.00 
Large Arrangement,$350.00 ,6,"$2,100.00 ",$630.00 ,$315.00 
Large Arrangement,$350.00 ,6,"$2,100.00 ",$630.00 ,$315.00 
Flower Ground Meadow,$700.00 ,3,"$2,100.00 ",$630.00 ,$210.00 
Flower Ground Meadow,$700.00 ,3,"$2,100.00 ",$630.00 ,$210.00 
Flower Ground Meadow,$700.00 ,3,"$2,100.00 ",$630.00 ,$210.00 
Flower Ground Meadow,$700.00 ,3,"$2,100.00 ",$630.00 ,$210.00 
Flower Ground Meadow,$700.00 ,3,"$2,100.00 ",$630.00 ,$210.00 
Flower Ground Meadow,$700.00 ,3,"$2,100.00 ",$630.00 ,$210.00 
Flower Ground Meadow,$700.00 ,3,"$2,100.00 ",$630.00 ,$210.00 
Flower Ground Meadow,$700.00 ,3,"$2,100.00 ",$630.00 ,$210.00 
Flower Ground Meadow,$700.00 ,3,"$2,100.00 ",$630.00 ,$210.00 
Flower Arch,"$2,100.00 ",1,"$2,100.00 ",$630.00 ,$210.00 
Flower Arch,"$2,100.00 ",1,"$2,100.00 ",$630.00 ,$210.00 
Flower Arch,"$2,100.00 ",1,"$2,100.00 ",$630.00 ,$210.00 
Flower Arch,"$2,100.00 ",1,"$2,100.00 ",$630.00 ,$210.00 
Flower Arch,"$2,100.00 ",1,"$2,100.00 ",$630.00 ,$210.00 
Flower Arch,"$2,100.00 ",1,"$2,100.00 ",$630.00 ,$210.00 
Flower Arch,"$2,100.00 ",1,"$2,100.00 ",$630.00 ,$210.00 
Flower Arch,"$2,100.00 ",1,"$2,100.00 ",$630.00 ,$210.00 
Flower Arch,"$2,100.00 ",1,"$2,100.00 ",$630.00 ,$210.00 
Flower Arch,"$2,100.00 ",1,"$2,100.00 ",$630.00 ,$210.00 
Flower Arch,"$2,100.00 ",1,"$2,100.00 ",$630.00 ,$210.00 
Cascading Flowers,$550.00 ,4,"$2,200.00 ",$660.00 ,$220.00 
Cascading Flowers,$550.00 ,4,"$2,200.00 ",$660.00 ,$220.00 
Flower Ground Meadow,"$1,100.00 ",2,"$2,200.00 ",$660.00 ,$220.00 
Flower Ground Meadow,"$1,100.00 ",2,"$2,200.00 ",$660.00 ,$220.00 
Flower Ground Meadow,"$1,100.00 ",2,"$2,200.00 ",$660.00 ,$220.00 
Flower Ground Meadow,"$1,100.00 ",2,"$2,200.00 ",$660.00 ,$220.00 
Flower Ground Meadow,"$1,100.00 ",2,"$2,200.00 ",$660.00 ,$220.00 
Flower Ground Meadow,"$1,100.00 ",2,"$2,200.00 ",$660.00 ,$220.00 
Flower Ground Meadow,"$1,100.00 ",2,"$2,200.00 ",$660.00 ,$220.00 
Flower Ground Meadow,"$1,100.00 ",2,"$2,200.00 ",$660.00 ,$220.00 
Large Arrangement,$335.00 ,7,"$2,345.00 ",$703.50 ,$351.75 
Large Arrangement,$335.00 ,7,"$2,345.00 ",$703.50 ,$351.75 
Large Arrangement,$335.00 ,7,"$2,345.00 ",$703.50 ,$351.75 
Large Arrangement,$400.00 ,6,"$2,400.00 ",$720.00 ,$360.00 
Cascading Flowers,$600.00 ,4,"$2,400.00 ",$720.00 ,$240.00 
Cascading Flowers,$600.00 ,4,"$2,400.00 ",$720.00 ,$240.00 
Flower Ground Meadow,$600.00 ,4,"$2,400.00 ",$720.00 ,$240.00 
Flower Ground Meadow,$600.00 ,4,"$2,400.00 ",$720.00 ,$240.00 
Flower Ground Meadow,$600.00 ,4,"$2,400.00 ",$720.00 ,$240.00 
Flower Ground Meadow,$600.00 ,4,"$2,400.00 ",$720.00 ,$240.00 
Flower Ground Meadow,$800.00 ,3,"$2,400.00 ",$720.00 ,$240.00 
Flower Ground Meadow,$800.00 ,3,"$2,400.00 ",$720.00 ,$240.00 
Flower Ground Meadow,$800.00 ,3,"$2,400.00 ",$720.00 ,$240.00 
Flower Ground Meadow,$800.00 ,3,"$2,400.00 ",$720.00 ,$240.00 
Flower Ground Meadow,$800.00 ,3,"$2,400.00 ",$720.00 ,$240.00 
Flower Ground Meadow,$800.00 ,3,"$2,400.00 ",$720.00 ,$240.00 
Flower Ground Meadow,$800.00 ,3,"$2,400.00 ",$720.00 ,$240.00 
Flower Ground Meadow,$800.00 ,3,"$2,400.00 ",$720.00 ,$240.00 
Flower Ground Meadow,$800.00 ,3,"$2,400.00 ",$720.00 ,$240.00 
Flower Ground Meadow,$800.00 ,3,"$2,400.00 ",$720.00 ,$240.00 
Flower Ground Meadow,$800.00 ,3,"$2,400.00 ",$720.00 ,$240.00 
Flower Ground Meadow,$800.00 ,3,"$2,400.00 ",$720.00 ,$240.00 
Flower Ground Meadow,$800.00 ,3,"$2,400.00 ",$720.00 ,$240.00 
Flower Ground Meadow,"$1,200.00 ",2,"$2,400.00 ",$720.00 ,$240.00 
Flower Ground Meadow,"$1,200.00 ",2,"$2,400.00 ",$720.00 ,$240.00 
Flower Ground Meadow,"$1,200.00 ",2,"$2,400.00 ",$720.00 ,$240.00 
Flower Ground Meadow,"$1,200.00 ",2,"$2,400.00 ",$720.00 ,$240.00 
Flower Ground Meadow,"$1,200.00 ",2,"$2,400.00 ",$720.00 ,$240.00 
Flower Ground Meadow,"$1,200.00 ",2,"$2,400.00 ",$720.00 ,$240.00 
Cascading Flowers,$500.00 ,5,"$2,500.00 ",$750.00 ,$250.00 
Large Arrangement,$200.00 ,13,"$2,600.00 ",$780.00 ,$520.00 
Cascading Flowers,$650.00 ,4,"$2,600.00 ",$780.00 ,$260.00 
Large Arrangement,$335.00 ,8,"$2,680.00 ",$804.00 ,$402.00 
Large Arrangement,$335.00 ,8,"$2,680.00 ",$804.00 ,$402.00 
Large Arrangement,$335.00 ,8,"$2,680.00 ",$804.00 ,$402.00 
Flower Ground Meadow,$900.00 ,3,"$2,700.00 ",$810.00 ,$270.00 
Flower Ground Meadow,$900.00 ,3,"$2,700.00 ",$810.00 ,$270.00 
Flower Ground Meadow,$900.00 ,3,"$2,700.00 ",$810.00 ,$270.00 
Flower Ground Meadow,$900.00 ,3,"$2,700.00 ",$810.00 ,$270.00 
Flower Ground Meadow,$900.00 ,3,"$2,700.00 ",$810.00 ,$270.00 
Flower Ground Meadow,$900.00 ,3,"$2,700.00 ",$810.00 ,$270.00 
Flower Ground Meadow,$900.00 ,3,"$2,700.00 ",$810.00 ,$270.00 
Flower Ground Meadow,$900.00 ,3,"$2,700.00 ",$810.00 ,$270.00 
Flower Ground Meadow,$900.00 ,3,"$2,700.00 ",$810.00 ,$270.00 
Flower Ground Meadow,$900.00 ,3,"$2,700.00 ",$810.00 ,$270.00 
Flower Ground Meadow,$900.00 ,3,"$2,700.00 ",$810.00 ,$270.00 
Flower Ground Meadow,$900.00 ,3,"$2,700.00 ",$810.00 ,$270.00 
Flower Ground Meadow,$900.00 ,3,"$2,700.00 ",$810.00 ,$270.00 
Flower Ground Meadow,$900.00 ,3,"$2,700.00 ",$810.00 ,$270.00 
Flower Ground Meadow,$900.00 ,3,"$2,700.00 ",$810.00 ,$270.00 
Flower Ground Meadow,$900.00 ,3,"$2,700.00 ",$810.00 ,$270.00 
Flower Ground Meadow,$900.00 ,3,"$2,700.00 ",$810.00 ,$270.00 
Flower Ground Meadow,$900.00 ,3,"$2,700.00 ",$810.00 ,$270.00 
Flower Ground Meadow,$900.00 ,3,"$2,700.00 ",$810.00 ,$270.00 
Flower Ground Meadow,$900.00 ,3,"$2,700.00 ",$810.00 ,$270.00 
Flower Ground Meadow,$900.00 ,3,"$2,700.00 ",$810.00 ,$270.00 
Flower Ground Meadow,$900.00 ,3,"$2,700.00 ",$810.00 ,$270.00 
Flower Ground Meadow,$900.00 ,3,"$2,700.00 ",$810.00 ,$270.00 
Large Arrangement,$200.00 ,14,"$2,800.00 ",$840.00 ,$560.00 
Large Arrangement,$350.00 ,8,"$2,800.00 ",$840.00 ,$420.00 
Large Arrangement,$350.00 ,8,"$2,800.00 ",$840.00 ,$420.00 
Large Arrangement,$400.00 ,7,"$2,800.00 ",$840.00 ,$420.00 
Large Arrangement,$400.00 ,7,"$2,800.00 ",$840.00 ,$420.00 
Flower Ground Meadow,$700.00 ,4,"$2,800.00 ",$840.00 ,$280.00 
Flower Ground Meadow,"$1,000.00 ",3,"$3,000.00 ",$900.00 ,$300.00 
Flower Ground Meadow,"$1,000.00 ",3,"$3,000.00 ",$900.00 ,$300.00 
Flower Ground Meadow,"$1,000.00 ",3,"$3,000.00 ",$900.00 ,$300.00 
Flower Ground Meadow,"$1,000.00 ",3,"$3,000.00 ",$900.00 ,$300.00 
Flower Ground Meadow,"$1,000.00 ",3,"$3,000.00 ",$900.00 ,$300.00 
Flower Ground Meadow,"$1,000.00 ",3,"$3,000.00 ",$900.00 ,$300.00 
Flower Ground Meadow,"$1,000.00 ",3,"$3,000.00 ",$900.00 ,$300.00 
Flower Ground Meadow,"$1,000.00 ",3,"$3,000.00 ",$900.00 ,$300.00 
Flower Ground Meadow,"$1,000.00 ",3,"$3,000.00 ",$900.00 ,$300.00 
Flower Ground Meadow,"$1,000.00 ",3,"$3,000.00 ",$900.00 ,$300.00 
Flower Ground Meadow,"$1,000.00 ",3,"$3,000.00 ",$900.00 ,$300.00 
Large Arrangement,$335.00 ,9,"$3,015.00 ",$904.50 ,$452.25 
Large Arrangement,$335.00 ,9,"$3,015.00 ",$904.50 ,$452.25 
Large Arrangement,$335.00 ,9,"$3,015.00 ",$904.50 ,$452.25 
Large Arrangement,$350.00 ,9,"$3,150.00 ",$945.00 ,$472.50 
Large Arrangement,$400.00 ,8,"$3,200.00 ",$960.00 ,$480.00 
Flower Ground Meadow,$800.00 ,4,"$3,200.00 ",$960.00 ,$320.00 
Flower Ground Meadow,$800.00 ,4,"$3,200.00 ",$960.00 ,$320.00 
Flower Ground Meadow,$800.00 ,4,"$3,200.00 ",$960.00 ,$320.00 
Flower Ground Meadow,$800.00 ,4,"$3,200.00 ",$960.00 ,$320.00 
Flower Ground Meadow,$800.00 ,4,"$3,200.00 ",$960.00 ,$320.00 
Flower Ground Meadow,"$1,100.00 ",3,"$3,300.00 ",$990.00 ,$330.00 
Flower Ground Meadow,"$1,100.00 ",3,"$3,300.00 ",$990.00 ,$330.00 
Flower Ground Meadow,"$1,100.00 ",3,"$3,300.00 ",$990.00 ,$330.00 
Flower Ground Meadow,"$1,100.00 ",3,"$3,300.00 ",$990.00 ,$330.00 
Flower Ground Meadow,"$1,100.00 ",3,"$3,300.00 ",$990.00 ,$330.00 
Flower Ground Meadow,"$1,100.00 ",3,"$3,300.00 ",$990.00 ,$330.00 
Flower Ground Meadow,"$1,100.00 ",3,"$3,300.00 ",$990.00 ,$330.00 
Flower Ground Meadow,"$1,100.00 ",3,"$3,300.00 ",$990.00 ,$330.00 
Flower Ground Meadow,"$1,100.00 ",3,"$3,300.00 ",$990.00 ,$330.00 
Flower Ground Meadow,"$1,100.00 ",3,"$3,300.00 ",$990.00 ,$330.00 
Flower Ground Meadow,"$1,100.00 ",3,"$3,300.00 ",$990.00 ,$330.00 
Flower Ground Meadow,"$1,100.00 ",3,"$3,300.00 ",$990.00 ,$330.00 
Large Arrangement,$335.00 ,10,"$3,350.00 ","$1,005.00 ",$670.00 
Large Arrangement,$335.00 ,10,"$3,350.00 ","$1,005.00 ",$670.00 
Flower Ground Meadow,$900.00 ,4,"$3,600.00 ","$1,080.00 ",$360.00 
Flower Ground Meadow,$900.00 ,4,"$3,600.00 ","$1,080.00 ",$360.00 
Flower Ground Meadow,"$1,200.00 ",3,"$3,600.00 ","$1,080.00 ",$360.00 
Flower Ground Meadow,"$1,200.00 ",3,"$3,600.00 ","$1,080.00 ",$360.00 
Flower Ground Meadow,"$1,200.00 ",3,"$3,600.00 ","$1,080.00 ",$360.00 
Flower Ground Meadow,"$1,200.00 ",3,"$3,600.00 ","$1,080.00 ",$360.00 
Flower Ground Meadow,"$1,200.00 ",3,"$3,600.00 ","$1,080.00 ",$360.00 
Flower Ground Meadow,"$1,200.00 ",3,"$3,600.00 ","$1,080.00 ",$360.00 
Flower Ground Meadow,"$1,200.00 ",3,"$3,600.00 ","$1,080.00 ",$360.00 
Flower Ground Meadow,"$1,200.00 ",3,"$3,600.00 ","$1,080.00 ",$360.00 
Flower Ground Meadow,"$1,200.00 ",3,"$3,600.00 ","$1,080.00 ",$360.00 
Flower Ground Meadow,"$1,200.00 ",3,"$3,600.00 ","$1,080.00 ",$360.00 
Flower Ground Meadow,"$1,200.00 ",3,"$3,600.00 ","$1,080.00 ",$360.00 
Flower Ground Meadow,"$1,200.00 ",3,"$3,600.00 ","$1,080.00 ",$360.00 
Flower Ground Meadow,"$1,200.00 ",3,"$3,600.00 ","$1,080.00 ",$360.00 
Flower Arch,"$1,800.00 ",2,"$3,600.00 ","$1,080.00 ",$360.00 
Flower Arch,"$1,800.00 ",2,"$3,600.00 ","$1,080.00 ",$360.00 
Flower Ground Meadow,"$1,000.00 ",4,"$4,000.00 ","$1,200.00 ",$400.00 
Flower Ground Meadow,"$1,000.00 ",4,"$4,000.00 ","$1,200.00 ",$400.00 
Flower Ground Meadow,"$1,000.00 ",4,"$4,000.00 ","$1,200.00 ",$400.00 
Flower Ground Meadow,"$1,000.00 ",4,"$4,000.00 ","$1,200.00 ",$400.00 
Flower Ground Meadow,"$1,000.00 ",4,"$4,000.00 ","$1,200.00 ",$400.00 
Large Arrangement,$335.00 ,12,"$4,020.00 ","$1,206.00 ",$804.00 
Large Arrangement,$335.00 ,13,"$4,355.00 ","$1,306.50 ",$871.00 
Flower Ground Meadow,"$1,100.00 ",4,"$4,400.00 ","$1,320.00 ",$440.00 
Flower Ground Meadow,"$1,100.00 ",4,"$4,400.00 ","$1,320.00 ",$440.00 
Large Arrangement,$400.00 ,12,"$4,800.00 ","$1,440.00 ",$960.00 
Flower Ground Meadow,"$1,200.00 ",4,"$4,800.00 ","$1,440.00 ",$480.00 
Flower Ground Meadow,"$1,200.00 ",4,"$4,800.00 ","$1,440.00 ",$480.00 
Flower Ground Meadow,"$1,200.00 ",4,"$4,800.00 ","$1,440.00 ",$480.00 
Flower Ground Meadow,"$1,200.00 ",4,"$4,800.00 ","$1,440.00 ",$480.00 
Large Arrangement,$350.00 ,14,"$4,900.00 ","$1,470.00 ",$980.00 
Large Arrangement,$335.00 ,15,"$5,025.00 ","$1,507.50 ","$1,005.00 "
Large Arrangement,$335.00 ,15,"$5,025.00 ","$1,507.50 ","$1,005.00 "
Large Arrangement,$350.00 ,15,"$5,250.00 ","$1,575.00 ","$1,050.00 "
